ligand_id,smiles,label,source,target_id,source_molecule_id,source_extra_id,source_line_number,rdkit_status,canonical_smiles,formula,heavy_atom_count,mol_weight,formal_charge,rotatable_bonds,hbd,hba,clogp,fragment_count,has_multiple_fragments,scaffold_smiles,split_group_id,split,selection_role
MK14_active_L000005,CC(C)Nc3nc(N)nc(Nc2cc(C(=O)Nc1ccon1)ccc2C)c3C#N,active,DUD-E,MK14,328536,CHEMBL197206,5,ok,Cc1ccc(C(=O)Nc2ccon2)cc1Nc1nc(N)nc(NC(C)C)c1C#N,C19H20N8O2,29,392.423,0,6,4,9,3.043,1,False,O=C(Nc1ccon1)c1cccc(Nc2ccncn2)c1,MK14_active_L000005,train,development_train
MK14_active_L000008,Cc5ccc(n1nc(C(C)(C)C)cc1NC(=O)Nc3ccc(OCCc2ccncc2)c4ccccc34)cc5,active,DUD-E,MK14,236926,CHEMBL143134,8,ok,Cc1ccc(-n2nc(C(C)(C)C)cc2NC(=O)Nc2ccc(OCCc3ccncc3)c3ccccc23)cc1,C32H33N5O2,39,519.649,0,7,2,4,7.292,1,False,O=C(Nc1ccc(OCCc2ccncc2)c2ccccc12)Nc1ccnn1-c1ccccc1,MK14_active_L000008,train,development_train
MK14_active_L000018,Cc2ccc(C(=O)NC1CC1)cc2c5cc4cnn(c3ccccc3F)c4n(C)c5=O,active,DUD-E,MK14,620984,CHEMBL1092013,18,ok,Cc1ccc(C(=O)NC2CC2)cc1-c1cc2cnn(-c3ccccc3F)c2n(C)c1=O,C24H21FN4O2,31,416.456,0,4,1,3,3.731,1,False,O=C(NC1CC1)c1cccc(-c2cc3cnn(-c4ccccc4)c3[nH]c2=O)c1,MK14_active_L000018,train,development_train
MK14_active_L000036,CCNC(=O)c5cn4ncnc(Nc3cc(NC(=O)c2cc(F)cc(N1CCOCC1)c2)ccc3C)c4c5C,active,DUD-E,MK14,427900,CHEMBL262592,36,ok,CCNC(=O)c1cn2ncnc(Nc3cc(NC(=O)c4cc(F)cc(N5CCOCC5)c4)ccc3C)c2c1C,C28H30FN7O3,39,531.592,0,7,3,7,4.067,1,False,O=C(Nc1cccc(Nc2ncnn3cccc23)c1)c1cccc(N2CCOCC2)c1,MK14_active_L000036,train,development_train
MK14_active_L000040,C[C@H]3CN(C(=O)c2cc1c(C(=O)C(=O)N(C)C)cn(C)c1cc2Cl)[C@H](C)CN3Cc4ccc(F)cc4,active,DUD-E,MK14,497877,CHEMBL514201,40,ok,C[C@@H]1CN(Cc2ccc(F)cc2)[C@@H](C)CN1C(=O)c1cc2c(C(=O)C(=O)N(C)C)cn(C)c2cc1Cl,C27H30ClFN4O3,36,513.013,0,5,0,4,3.977,1,False,O=C(c1ccc2[nH]ccc2c1)N1CCN(Cc2ccccc2)CC1,MK14_active_L000040,train,development_train
MK14_active_L000043,CN(C)CCN5CCN(c4nc2N(c1c(Cl)cccc1Cl)C(=O)NCc2c(c3ccccc3Cl)n4)CC5,active,DUD-E,MK14,355603,CHEMBL211795,43,ok,CN(C)CCN1CCN(c2nc(-c3ccccc3Cl)c3c(n2)N(c2c(Cl)cccc2Cl)C(=O)NC3)CC1,C26H28Cl3N7O,37,560.917,0,6,1,6,5.149,1,False,O=C1NCc2c(-c3ccccc3)nc(N3CCNCC3)nc2N1c1ccccc1,MK14_active_L000043,train,development_train
MK14_active_L000046,CNc4cc2n(c1c(F)cccc1F)c(=O)ccc2c(c3ccc(F)cc3F)n4,active,DUD-E,MK14,364132,CHEMBL219796,46,ok,CNc1cc2c(ccc(=O)n2-c2c(F)cccc2F)c(-c2ccc(F)cc2F)n1,C21H13F4N3O,29,399.347,0,3,1,3,4.651,1,False,O=c1ccc2c(-c3ccccc3)nccc2n1-c1ccccc1,MK14_active_L000046,train,development_train
MK14_active_L000051,C[C@H](Nc4nccc(c2cc(N1CCNCC1)nnc2c3cccc(C(F)(F)F)c3)n4)c5ccccc5,active,DUD-E,MK14,268096,CHEMBL161276,51,ok,C[C@H](Nc1nccc(-c2cc(N3CCNCC3)nnc2-c2cccc(C(F)(F)F)c2)n1)c1ccccc1,C27H26F3N7,37,505.548,0,6,2,7,5.202,1,False,c1ccc(CNc2nccc(-c3cc(N4CCNCC4)nnc3-c3ccccc3)n2)cc1,MK14_active_L000051,train,development_train
MK14_active_L000056,CC(C)N5CCC(Nc4nc2N(c1c(Cl)cccc1Cl)C(=O)NCc2c(c3ccccc3Cl)n4)CC5,active,DUD-E,MK14,355604,CHEMBL377979,56,ok,CC(C)N1CCC(Nc2nc(-c3ccccc3Cl)c3c(n2)N(c2c(Cl)cccc2Cl)C(=O)NC3)CC1,C26H27Cl3N6O,36,545.902,0,5,2,5,6.75,1,False,O=C1NCc2c(-c3ccccc3)nc(NC3CCNCC3)nc2N1c1ccccc1,MK14_active_L000056,train,development_train
MK14_active_L000078,C[C@H](O)CNc4cc(c2[nH]c1cccnc1c2c3ccc(F)cc3)ccn4,active,DUD-E,MK14,237741,CHEMBL142425,78,ok,C[C@H](O)CNc1cc(-c2[nH]c3cccnc3c2-c2ccc(F)cc2)ccn1,C21H19FN4O,27,362.408,0,5,3,4,4.224,1,False,c1ccc(-c2c(-c3ccncc3)[nH]c3cccnc23)cc1,MK14_active_L000078,train,development_train
MK14_active_L000082,Cc2ccc(C(=O)Nc1ccon1)cc2c5cc4cnn(c3c(F)cccc3F)c4n(C)c5=O,active,DUD-E,MK14,620983,CHEMBL1092012,82,ok,Cc1ccc(C(=O)Nc2ccon2)cc1-c1cc2cnn(-c3c(F)cccc3F)c2n(C)c1=O,C24H17F2N5O3,34,461.428,0,4,1,5,4.218,1,False,O=C(Nc1ccon1)c1cccc(-c2cc3cnn(-c4ccccc4)c3[nH]c2=O)c1,MK14_active_L000082,train,development_train
MK14_active_L000084,CNC(=O)c4cc(Oc3ccc(NC(=O)Nc1cc(C(C)(C)C)nn1c2ccc(C)cc2)cc3)ccn4,active,DUD-E,MK14,685823,CHEMBL1213974,84,ok,CNC(=O)c1cc(Oc2ccc(NC(=O)Nc3cc(C(C)(C)C)nn3-c3ccc(C)cc3)cc2)ccn1,C28H30N6O3,37,498.587,0,6,3,5,5.669,1,False,O=C(Nc1ccc(Oc2ccncc2)cc1)Nc1ccnn1-c1ccccc1,MK14_active_L000084,train,development_train
MK14_active_L000086,Fc5ccc(c4cc(C(=O)N1CCNCC1)cc3N(c2c(Cl)cccc2Cl)C(=O)NCc34)c(Cl)c5,active,DUD-E,MK14,154296,CHEMBL96225,86,ok,O=C(c1cc(-c2ccc(F)cc2Cl)c2c(c1)N(c1c(Cl)cccc1Cl)C(=O)NC2)N1CCNCC1,C25H20Cl3FN4O2,35,533.818,0,3,2,3,5.86,1,False,O=C(c1cc(-c2ccccc2)c2c(c1)N(c1ccccc1)C(=O)NC2)N1CCNCC1,MK14_active_L000086,train,development_train
MK14_active_L000090,CC(C)(C)c3nnc4ccc(c1ocnc1c2ccc(F)cc2F)cn34,active,DUD-E,MK14,355557,CHEMBL212382,90,ok,CC(C)(C)c1nnc2ccc(-c3ocnc3-c3ccc(F)cc3F)cn12,C19H16F2N4O,26,354.36,0,2,0,4,4.627,1,False,c1ccc(-c2ncoc2-c2ccc3nncn3c2)cc1,MK14_active_L000090,train,development_train
MK14_active_L000094,CONC(=O)c4ccc(C)c(Nc2ncnn3cc(C(=O)NCc1ccccn1)c(C)c23)c4,active,DUD-E,MK14,419094,CHEMBL252533,94,ok,CONC(=O)c1ccc(C)c(Nc2ncnn3cc(C(=O)NCc4ccccn4)c(C)c23)c1,C23H23N7O3,33,445.483,0,7,3,7,2.706,1,False,O=C(NCc1ccccn1)c1cc2c(Nc3ccccc3)ncnn2c1,MK14_active_L000094,train,development_train
MK14_active_L000098,Clc1ccccc1c5cc(N2CCNCC2)cc4N(c3c(Cl)cccc3Cl)C(=O)NCc45,active,DUD-E,MK14,153869,CHEMBL96487,98,ok,O=C1NCc2c(-c3ccccc3Cl)cc(N3CCNCC3)cc2N1c1c(Cl)cccc1Cl,C24H21Cl3N4O,32,487.818,0,3,2,3,6.085,1,False,O=C1NCc2c(-c3ccccc3)cc(N3CCNCC3)cc2N1c1ccccc1,MK14_active_L000098,train,development_train
MK14_active_L000114,CC6(c5cc(NC(=O)Nc2ccc(OCCN1CCOCC1)c3ccccc23)n(c4ccccc4)n5)CCCCC6,active,DUD-E,MK14,236830,CHEMBL348228,114,ok,CC1(c2cc(NC(=O)Nc3ccc(OCCN4CCOCC4)c4ccccc34)n(-c3ccccc3)n2)CCCCC1,C33H39N5O3,41,553.707,0,8,2,5,6.602,1,False,O=C(Nc1ccc(OCCN2CCOCC2)c2ccccc12)Nc1cc(C2CCCCC2)nn1-c1ccccc1,MK14_active_L000114,train,development_train
MK14_active_L000123,CN6CCN(C(=O)C5(C)COC(c4nc(c1ccc(F)cc1)c(c3ccnc(NCC2CC2)n3)[nH]4)OC5)CC6,active,DUD-E,MK14,109942,CHEMBL70053,123,ok,CN1CCN(C(=O)C2(C)COC(c3nc(-c4ccc(F)cc4)c(-c4ccnc(NCC5CC5)n4)[nH]3)OC2)CC1,C28H34FN7O3,39,535.624,0,7,2,8,3.32,1,False,O=C(C1COC(c2nc(-c3ccccc3)c(-c3ccnc(NCC4CC4)n3)[nH]2)OC1)N1CCNCC1,MK14_active_L000123,train,development_train
MK14_active_L000126,OCCSc4nc(c1ccc(F)cc1)c(c3ccnc(NC2CCC(O)CC2)c3)[nH]4,active,DUD-E,MK14,470145,CHEMBL492255,126,ok,OCCSc1nc(-c2ccc(F)cc2)c(-c2ccnc(NC3CCC(O)CC3)c2)[nH]1,C22H25FN4O2S,30,428.533,0,7,4,6,4.078,1,False,c1ccc(-c2nc[nH]c2-c2ccnc(NC3CCCCC3)c2)cc1,MK14_active_L000126,train,development_train
MK14_active_L000127,OCCSc4nc(c1ccc(F)cc1)c(c3ccnc(NC2CCOCC2)c3)[nH]4,active,DUD-E,MK14,470069,CHEMBL492296,127,ok,OCCSc1nc(-c2ccc(F)cc2)c(-c2ccnc(NC3CCOCC3)c2)[nH]1,C21H23FN4O2S,29,414.506,0,7,3,6,3.953,1,False,c1ccc(-c2nc[nH]c2-c2ccnc(NC3CCOCC3)c2)cc1,MK14_active_L000127,train,development_train
MK14_active_L000131,Cc2ccc(C(=O)Nc1cccc(C(F)(F)F)c1C)cc2c5ccc4nc(NC3CC3)ncc4c5,active,DUD-E,MK14,358517,CHEMBL212181,131,ok,Cc1ccc(C(=O)Nc2cccc(C(F)(F)F)c2C)cc1-c1ccc2nc(NC3CC3)ncc2c1,C27H23F3N4O,35,476.502,0,5,2,4,6.759,1,False,O=C(Nc1ccccc1)c1cccc(-c2ccc3nc(NC4CC4)ncc3c2)c1,MK14_active_L000131,train,development_train
MK14_active_L000134,Cc3ccc(NC(=O)c2ccnc(N1CCCCC1)c2)cc3c5ccc(C(=O)NCC4CC4)cc5,active,DUD-E,MK14,490359,CHEMBL476141,134,ok,Cc1ccc(NC(=O)c2ccnc(N3CCCCC3)c2)cc1-c1ccc(C(=O)NCC2CC2)cc1,C29H32N4O2,35,468.601,0,7,2,4,5.439,1,False,O=C(NCC1CC1)c1ccc(-c2cccc(NC(=O)c3ccnc(N4CCCCC4)c3)c2)cc1,MK14_active_L000134,train,development_train
MK14_active_L000160,Cc2ccc(C(=O)Nc1cc[nH]n1)cc2Nc4ncnc5n(c3ccccc3)ncc45,active,DUD-E,MK14,428353,CHEMBL410136,160,ok,Cc1ccc(C(=O)Nc2cc[nH]n2)cc1Nc1ncnc2c1cnn2-c1ccccc1,C22H18N8O,31,410.441,0,5,3,6,3.843,1,False,O=C(Nc1cc[nH]n1)c1cccc(Nc2ncnc3c2cnn3-c2ccccc2)c1,MK14_active_L000160,train,development_train
MK14_active_L000163,Cc2ccc(C(=O)NC1CC1)cc2Oc4nncc5n(c3c(F)cccc3F)ncc45,active,DUD-E,MK14,612779,CHEMBL1082159,163,ok,Cc1ccc(C(=O)NC2CC2)cc1Oc1nncc2c1cnn2-c1c(F)cccc1F,C22H17F2N5O2,31,421.407,0,5,1,5,4.087,1,False,O=C(NC1CC1)c1cccc(Oc2nncc3c2cnn3-c2ccccc2)c1,MK14_active_L000163,train,development_train
MK14_active_L000164,CC[C@@H](C)Nc4nc3ccc(c1c(N)[nH]nc1c2ccccc2F)cc3s4,active,DUD-E,MK14,424951,CHEMBL404115,164,ok,CC[C@@H](C)Nc1nc2ccc(-c3c(-c4ccccc4F)n[nH]c3N)cc2s1,C20H20FN5S,27,381.48,0,5,3,5,5.285,1,False,c1ccc(-c2n[nH]cc2-c2ccc3ncsc3c2)cc1,MK14_active_L000164,train,development_train
MK14_active_L000169,NC(=O)N(c2ccc(C(N)=O)c(c1ccc(F)cc1F)n2)c3c(F)cccc3F,active,DUD-E,MK14,619385,CHEMBL1090090,169,ok,NC(=O)c1ccc(N(C(N)=O)c2c(F)cccc2F)nc1-c1ccc(F)cc1F,C19H12F4N4O2,29,404.323,0,4,2,3,3.621,1,False,c1ccc(Nc2cccc(-c3ccccc3)n2)cc1,MK14_active_L000169,train,development_train
MK14_active_L000179,Fc5ccc(c4c(c2ccnc(Nc1c(Cl)cccc1Cl)n2)n3CCCn3c4=O)cc5,active,DUD-E,MK14,149718,CHEMBL92415,179,ok,O=c1c(-c2ccc(F)cc2)c(-c2ccnc(Nc3c(Cl)cccc3Cl)n2)n2n1CCC2,C22H16Cl2FN5O,31,456.308,0,4,1,4,5.367,1,False,O=c1c(-c2ccccc2)c(-c2ccnc(Nc3ccccc3)n2)n2n1CCC2,MK14_active_L000179,train,development_train
MK14_active_L000212,Cc3ccc(NC(=O)c2ccnc(NC1CC1)c2)cc3c5ccc(C(=O)NCC4CC4)cc5,active,DUD-E,MK14,490362,CHEMBL478656,212,ok,Cc1ccc(NC(=O)c2ccnc(NC3CC3)c2)cc1-c1ccc(C(=O)NCC2CC2)cc1,C27H28N4O2,33,440.547,0,8,3,4,5.023,1,False,O=C(NCC1CC1)c1ccc(-c2cccc(NC(=O)c3ccnc(NC4CC4)c3)c2)cc1,MK14_active_L000212,train,development_train
MK14_active_L000216,CCc4nc(c1cccc(C)c1)c(c3ccnc(NC(=O)Cc2ccccc2)c3)s4,active,DUD-E,MK14,328862,CHEMBL197581,216,ok,CCc1nc(-c2cccc(C)c2)c(-c2ccnc(NC(=O)Cc3ccccc3)c2)s1,C25H23N3OS,30,413.546,0,6,1,4,5.924,1,False,O=C(Cc1ccccc1)Nc1cc(-c2scnc2-c2ccccc2)ccn1,MK14_active_L000216,train,development_train
MK14_active_L000224,Cc2ccc(C(=O)NC1CC1)cc2c5ccc4c(=O)n(CC3CC3)nnc4c5,active,DUD-E,MK14,493657,CHEMBL521734,224,ok,Cc1ccc(C(=O)NC2CC2)cc1-c1ccc2c(=O)n(CC3CC3)nnc2c1,C22H22N4O2,28,374.444,0,5,1,4,3.069,1,False,O=C(NC1CC1)c1cccc(-c2ccc3c(=O)n(CC4CC4)nnc3c2)c1,MK14_active_L000224,train,development_train
MK14_active_L000227,Cc2ccc(NC(=O)c1ccoc1)cc2c4ccc(C(=O)NCC3CC3)cc4,active,DUD-E,MK14,489907,CHEMBL477583,227,ok,Cc1ccc(NC(=O)c2ccoc2)cc1-c1ccc(C(=O)NCC2CC2)cc1,C23H22N2O3,28,374.44,0,6,2,3,4.647,1,False,O=C(NCC1CC1)c1ccc(-c2cccc(NC(=O)c3ccoc3)c2)cc1,MK14_active_L000227,train,development_train
MK14_active_L000256,CCc4nc(c1cccc(C)c1)c(c3ccnc(NC(=O)CCc2ccccc2)c3)s4,active,DUD-E,MK14,328871,CHEMBL194201,256,ok,CCc1nc(-c2cccc(C)c2)c(-c2ccnc(NC(=O)CCc3ccccc3)c2)s1,C26H25N3OS,31,427.573,0,7,1,4,6.314,1,False,O=C(CCc1ccccc1)Nc1cc(-c2scnc2-c2ccccc2)ccn1,MK14_active_L000256,train,development_train
MK14_active_L000259,CN(C)CCNC(=O)c4ccc(c2n[nH]c3cc(Nc1ccccc1Cl)ccc23)cc4,active,DUD-E,MK14,419205,CHEMBL399167,259,ok,CN(C)CCNC(=O)c1ccc(-c2n[nH]c3cc(Nc4ccccc4Cl)ccc23)cc1,C24H24ClN5O,31,433.943,0,7,3,4,4.918,1,False,c1ccc(Nc2ccc3c(-c4ccccc4)n[nH]c3c2)cc1,MK14_active_L000259,train,development_train
MK14_active_L000263,C[C@H](Nc4cc(c2oc(C1(O)CCN(C)CC1)nc2c3ccc(F)cc3)ccn4)c5ccccc5,active,DUD-E,MK14,196509,CHEMBL324063,263,ok,C[C@H](Nc1cc(-c2oc(C3(O)CCN(C)CC3)nc2-c2ccc(F)cc2)ccn1)c1ccccc1,C28H29FN4O2,35,472.564,0,6,2,6,5.629,1,False,c1ccc(CNc2cc(-c3oc(C4CCNCC4)nc3-c3ccccc3)ccn2)cc1,MK14_active_L000263,train,development_train
MK14_active_L000283,COc5cc4ncnc(Nc3cc(NC(=O)c2cccc(N1CCOCC1)c2)ccc3C)c4cc5OC,active,DUD-E,MK14,309938,CHEMBL184052,283,ok,COc1cc2ncnc(Nc3cc(NC(=O)c4cccc(N5CCOCC5)c4)ccc3C)c2cc1OC,C28H29N5O4,37,499.571,0,7,2,8,4.788,1,False,O=C(Nc1cccc(Nc2ncnc3ccccc23)c1)c1cccc(N2CCOCC2)c1,MK14_active_L000283,train,development_train
MK14_active_L000288,Cc3ccc(NC(=O)c2cccc(N1CCOCC1)c2)cc3NC(=O)c5ccc(OCc4cscn4)cc5,active,DUD-E,MK14,310279,CHEMBL183630,288,ok,Cc1ccc(NC(=O)c2cccc(N3CCOCC3)c2)cc1NC(=O)c1ccc(OCc2cscn2)cc1,C29H28N4O4S,38,528.634,0,8,2,7,5.372,1,False,O=C(Nc1cccc(NC(=O)c2cccc(N3CCOCC3)c2)c1)c1ccc(OCc2cscn2)cc1,MK14_active_L000288,train,development_train
MK14_active_L000294,Clc1ccccc1N(CCCNC(=O)CC2CCCN2)c4ccc(=O)n(c3ccccc3Cl)n4,active,DUD-E,MK14,368337,CHEMBL218661,294,ok,O=C(CC1CCCN1)NCCCN(c1ccc(=O)n(-c2ccccc2Cl)n1)c1ccccc1Cl,C25H27Cl2N5O2,34,500.43,0,9,2,5,4.326,1,False,O=C(CC1CCCN1)NCCCN(c1ccccc1)c1ccc(=O)n(-c2ccccc2)n1,MK14_active_L000294,train,development_train
MK14_active_L000295,CN(C)C(=O)C(=O)c4c[nH]c5cc(Cl)c(C(=O)N1CCn2c(C1)cnc2c3ccc(F)cc3F)cc45,active,DUD-E,MK14,386136,CHEMBL428041,295,ok,CN(C)C(=O)C(=O)c1c[nH]c2cc(Cl)c(C(=O)N3CCn4c(cnc4-c4ccc(F)cc4F)C3)cc12,C25H20ClF2N5O3,36,511.916,0,4,1,4,3.89,1,False,O=C(c1ccc2[nH]ccc2c1)N1CCn2c(cnc2-c2ccccc2)C1,MK14_active_L000295,train,development_train
MK14_active_L000296,Cc3ccc(C(=O)Nc2cccc(c1ccccn1)c2)cc3c5ccc(C(=O)Nc4cccc(C#N)c4)cc5,active,DUD-E,MK14,490605,CHEMBL514509,296,ok,Cc1ccc(C(=O)Nc2cccc(-c3ccccn3)c2)cc1-c1ccc(C(=O)Nc2cccc(C#N)c2)cc1,C33H24N4O2,39,508.581,0,6,2,4,7.1,1,False,O=C(Nc1ccccc1)c1ccc(-c2cccc(C(=O)Nc3cccc(-c4ccccn4)c3)c2)cc1,MK14_active_L000296,train,development_train
MK14_active_L000297,Cc3ccc(NC(=O)c1nc(C(F)(F)F)[nH]c1c2ccc(F)c(F)c2)cc3Nc5ccc4ncn(C)c(=O)c4c5,active,DUD-E,MK14,598375,CHEMBL591275,297,ok,Cc1ccc(NC(=O)c2nc(C(F)(F)F)[nH]c2-c2ccc(F)c(F)c2)cc1Nc1ccc2ncn(C)c(=O)c2c1,C27H19F5N6O2,40,554.479,0,5,3,5,5.925,1,False,O=C(Nc1cccc(Nc2ccc3nc[nH]c(=O)c3c2)c1)c1nc[nH]c1-c1ccccc1,MK14_active_L000297,train,development_train
MK14_active_L000302,OC5CCC(n2cnc(c1ccc(F)cc1)c2c4ccnc(Oc3ccccc3)n4)CC5,active,DUD-E,MK14,158591,CHEMBL329080,302,ok,OC1CCC(n2cnc(-c3ccc(F)cc3)c2-c2ccnc(Oc3ccccc3)n2)CC1,C25H23FN4O2,32,430.483,0,5,1,5,5.415,1,False,c1ccc(Oc2nccc(-c3c(-c4ccccc4)ncn3C3CCCCC3)n2)cc1,MK14_active_L000302,train,development_train
MK14_active_L000304,Cc3ccc(NC(=O)c2ccnc(N1CCCC1)c2)cc3c5ccc4c(N)noc4c5,active,DUD-E,MK14,494018,CHEMBL497352,304,ok,Cc1ccc(NC(=O)c2ccnc(N3CCCC3)c2)cc1-c1ccc2c(N)noc2c1,C24H23N5O2,31,413.481,0,4,2,6,4.633,1,False,O=C(Nc1cccc(-c2ccc3cnoc3c2)c1)c1ccnc(N2CCCC2)c1,MK14_active_L000304,train,development_train
MK14_active_L000308,CCCNC(=O)c4ccc(C)c(Nc2nncc3n(c1ccc(F)cc1F)ncc23)c4,active,DUD-E,MK14,613809,CHEMBL1088442,308,ok,CCCNC(=O)c1ccc(C)c(Nc2nncc3c2cnn3-c2ccc(F)cc2F)c1,C22H20F2N6O,31,422.439,0,6,2,5,4.286,1,False,c1ccc(Nc2nncc3c2cnn3-c2ccccc2)cc1,MK14_active_L000308,train,development_train
MK14_active_L000314,CNC(=O)c4ccc(C)c(Nc2ncnc3n(Cc1ccccc1)ncc23)c4,active,DUD-E,MK14,427832,CHEMBL440406,314,ok,CNC(=O)c1ccc(C)c(Nc2ncnc3c2cnn3Cc2ccccc2)c1,C21H20N6O,28,372.432,0,5,2,5,3.286,1,False,c1ccc(Cn2ncc3c(Nc4ccccc4)ncnc32)cc1,MK14_active_L000314,train,development_train
MK14_active_L000316,CCN(C(=O)c1cccc(C)c1)c3ccnc(N[C@@H](C)c2ccccc2)n3,active,DUD-E,MK14,624044,CHEMBL1092675,316,ok,CCN(C(=O)c1cccc(C)c1)c1ccnc(N[C@@H](C)c2ccccc2)n1,C22H24N4O,27,360.461,0,6,1,4,4.625,1,False,O=C(Nc1ccnc(NCc2ccccc2)n1)c1ccccc1,MK14_active_L000316,train,development_train
MK14_active_L000328,Cc2cc(OCCN1CCOCC1)ccc2c4c(N)c(C(=O)c3ccc(F)cc3F)ccn4=O,active,DUD-E,MK14,554909,CHEMBL562451,328,ok,Cc1cc(OCCN2CCOCC2)ccc1-c1c(N)c(C(=O)c2ccc(F)cc2F)cc[n+]1[O-],C25H25F2N3O4,34,469.488,0,7,1,6,3.098,1,False,O=C(c1ccccc1)c1cc[nH+]c(-c2ccc(OCCN3CCOCC3)cc2)c1,MK14_active_L000328,train,development_train
MK14_active_L000335,Fc5ccc(c1ncoc1c4ccc3nnc(N2CCCC2)n3c4)cc5,active,DUD-E,MK14,355789,CHEMBL386807,335,ok,Fc1ccc(-c2ncoc2-c2ccc3nnc(N4CCCC4)n3c2)cc1,C19H16FN5O,26,349.369,0,3,0,5,3.791,1,False,c1ccc(-c2ncoc2-c2ccc3nnc(N4CCCC4)n3c2)cc1,MK14_active_L000335,train,development_train
MK14_active_L000338,COC[C@H](C)NC(=O)c4cn3ncnc(Nc2cc(NC(=O)c1ccc(C#N)cc1)ccc2C)c3c4C,active,DUD-E,MK14,428025,CHEMBL262095,338,ok,COC[C@H](C)NC(=O)c1cn2ncnc(Nc3cc(NC(=O)c4ccc(C#N)cc4)ccc3C)c2c1C,C27H27N7O3,37,497.559,0,8,3,7,3.978,1,False,O=C(Nc1cccc(Nc2ncnn3cccc23)c1)c1ccccc1,MK14_active_L000338,train,development_train
MK14_active_L000340,CC(C)(C)c4cc(NC(=O)Nc1ccccc1)n(c3cccc(CNC(=O)Cn2ccccc2=O)c3)n4,active,DUD-E,MK14,683285,CHEMBL1209482,340,ok,CC(C)(C)c1cc(NC(=O)Nc2ccccc2)n(-c2cccc(CNC(=O)Cn3ccccc3=O)c2)n1,C28H30N6O3,37,498.587,0,7,3,4,4.292,1,False,O=C(Cn1ccccc1=O)NCc1cccc(-n2nccc2NC(=O)Nc2ccccc2)c1,MK14_active_L000340,train,development_train
MK14_active_L000341,C[C@H]1COCCN1c4nncc5cc(c2c(C)ccc3c(N)n[nH]c23)ccc45,active,DUD-E,MK14,469757,CHEMBL493707,341,ok,Cc1ccc2c(N)n[nH]c2c1-c1ccc2c(N3CCOC[C@@H]3C)nncc2c1,C21H22N6O,28,374.448,0,2,2,6,3.289,1,False,c1cc(-c2ccc3c(N4CCOCC4)nncc3c2)c2[nH]ncc2c1,MK14_active_L000341,train,development_train
MK14_active_L000343,Cc5nc(c4ccc(c3cc(C(=O)Nc2cccc(N1CCOCC1)c2)ccc3C)cc4)no5,active,DUD-E,MK14,493382,CHEMBL496334,343,ok,Cc1nc(-c2ccc(-c3cc(C(=O)Nc4cccc(N5CCOCC5)c4)ccc3C)cc2)no1,C27H26N4O3,34,454.53,0,5,1,6,5.109,1,False,O=C(Nc1cccc(N2CCOCC2)c1)c1cccc(-c2ccc(-c3ncon3)cc2)c1,MK14_active_L000343,train,development_train
MK14_active_L000345,CC(C)Nc3nccc(N(CCCCN)C(=O)c2ccc1OCCc1c2)n3,active,DUD-E,MK14,623507,CHEMBL1089655,345,ok,CC(C)Nc1nccc(N(CCCCN)C(=O)c2ccc3c(c2)CCO3)n1,C20H27N5O2,27,369.469,0,8,2,6,2.618,1,False,O=C(Nc1ccncn1)c1ccc2c(c1)CCO2,MK14_active_L000345,train,development_train
MK14_active_L000348,Cc3ccc(C(=O)Nc2cccc(N1CCOCC1)c2)cc3c5ccc4cc[nH]c(=O)c4c5,active,DUD-E,MK14,493726,CHEMBL498183,348,ok,Cc1ccc(C(=O)Nc2cccc(N3CCOCC3)c2)cc1-c1ccc2cc[nH]c(=O)c2c1,C27H25N3O3,33,439.515,0,4,2,4,4.592,1,False,O=C(Nc1cccc(N2CCOCC2)c1)c1cccc(-c2ccc3cc[nH]c(=O)c3c2)c1,MK14_active_L000348,train,development_train
MK14_active_L000364,COc5cc4ncnc(Nc3cc(NC(=O)c2ccnc(N1CCOCC1)c2)ccc3C)c4cc5OCCN6CCOCC6,active,DUD-E,MK14,309940,CHEMBL184271,364,ok,COc1cc2ncnc(Nc3cc(NC(=O)c4ccnc(N5CCOCC5)c4)ccc3C)c2cc1OCCN1CCOCC1,C32H37N7O5,44,599.692,0,10,2,11,3.885,1,False,O=C(Nc1cccc(Nc2ncnc3ccc(OCCN4CCOCC4)cc23)c1)c1ccnc(N2CCOCC2)c1,MK14_active_L000364,train,development_train
MK14_active_L000365,Cc3ccc(NC(=O)c2cc(N1CCOCC1)cc(C(F)(F)F)c2)cc3NC(=O)c5ccc(OCc4ccccn4)cc5,active,DUD-E,MK14,310090,CHEMBL365688,365,ok,Cc1ccc(NC(=O)c2cc(N3CCOCC3)cc(C(F)(F)F)c2)cc1NC(=O)c1ccc(OCc2ccccn2)cc1,C32H29F3N4O4,43,590.602,0,8,2,6,6.329,1,False,O=C(Nc1cccc(NC(=O)c2cccc(N3CCOCC3)c2)c1)c1ccc(OCc2ccccn2)cc1,MK14_active_L000365,train,development_train
MK14_active_L000370,Cc1oc(C(C)(C)C)cc1C(=O)C(=O)Nc4ccc(c3ccc(CN2CCOCC2)nc3)c5ccccc45,active,DUD-E,MK14,514279,CHEMBL484550,370,ok,Cc1oc(C(C)(C)C)cc1C(=O)C(=O)Nc1ccc(-c2ccc(CN3CCOCC3)nc2)c2ccccc12,C31H33N3O4,38,511.622,0,6,1,6,5.754,1,False,O=C(Nc1ccc(-c2ccc(CN3CCOCC3)nc2)c2ccccc12)C(=O)c1ccoc1,MK14_active_L000370,train,development_train
MK14_active_L000375,Cc2cc(OCc1ccc(F)cc1F)c(Br)c(=O)n2Cc3ccc(C(N)=O)cc3,active,DUD-E,MK14,616937,CHEMBL1078859,375,ok,Cc1cc(OCc2ccc(F)cc2F)c(Br)c(=O)n1Cc1ccc(C(N)=O)cc1,C21H17BrF2N2O3,29,463.278,0,6,1,3,3.924,1,False,O=c1cc(OCc2ccccc2)ccn1Cc1ccccc1,MK14_active_L000375,train,development_train
MK14_active_L000395,Cc4nc(Nc2ncc(C(=O)Nc1c(C)cccc1Cl)s2)cc(N3CCN(CCO)CC3)n4,active,DUD-E,MK14,361469,CHEMBL1421,395,ok,Cc1nc(Nc2ncc(C(=O)Nc3c(C)cccc3Cl)s2)cc(N2CCN(CCO)CC2)n1,C22H26ClN7O2S,33,488.017,0,7,3,9,3.314,1,False,O=C(Nc1ccccc1)c1cnc(Nc2cc(N3CCNCC3)ncn2)s1,MK14_active_L000395,train,development_train
MK14_active_L000411,CSc4nc(c1ccc(F)cc1)c(c3ccnc(Nc2ccccc2)c3)[nH]4,active,DUD-E,MK14,180312,CHEMBL321494,411,ok,CSc1nc(-c2ccc(F)cc2)c(-c2ccnc(Nc3ccccc3)c2)[nH]1,C21H17FN4S,27,376.46,0,5,2,4,5.743,1,False,c1ccc(Nc2cc(-c3[nH]cnc3-c3ccccc3)ccn2)cc1,MK14_active_L000411,train,development_train
MK14_active_L000419,CN5CCCC(COc4nccc(Nc3cc(NC(=O)c2ccnc(N1CCOCC1)c2)ccc3C)n4)C5,active,DUD-E,MK14,310157,CHEMBL365614,419,ok,Cc1ccc(NC(=O)c2ccnc(N3CCOCC3)c2)cc1Nc1ccnc(OCC2CCCN(C)C2)n1,C28H35N7O3,38,517.634,0,8,2,9,3.733,1,False,O=C(Nc1cccc(Nc2ccnc(OCC3CCCNC3)n2)c1)c1ccnc(N2CCOCC2)c1,MK14_active_L000419,train,development_train
MK14_active_L000449,C[C@H](Nc4nccc(c2c(c1ccc(F)cc1)c(=O)n3CCCn23)n4)C5CCCCC5,active,DUD-E,MK14,149295,CHEMBL93857,449,ok,C[C@H](Nc1nccc(-c2c(-c3ccc(F)cc3)c(=O)n3n2CCC3)n1)C1CCCCC1,C24H28FN5O,31,421.52,0,5,1,4,4.697,1,False,O=c1c(-c2ccccc2)c(-c2ccnc(NCC3CCCCC3)n2)n2n1CCC2,MK14_active_L000449,train,development_train
MK14_active_L000453,Cc1cccc(Cl)c1NC(=O)c3cnc(NC2CC2)s3,active,DUD-E,MK14,424682,CHEMBL258403,453,ok,Cc1cccc(Cl)c1NC(=O)c1cnc(NC2CC2)s1,C14H14ClN3OS,20,307.806,0,4,2,4,3.932,1,False,O=C(Nc1ccccc1)c1cnc(NC2CC2)s1,MK14_active_L000453,train,development_train
MK14_active_L000455,Nc3c(C(=O)c2cccc(c1cccnc1)c2)cnn3c4ccc(F)cc4F,active,DUD-E,MK14,340809,CHEMBL203926,455,ok,Nc1c(C(=O)c2cccc(-c3cccnc3)c2)cnn1-c1ccc(F)cc1F,C21H14F2N4O,28,376.366,0,4,1,4,4.026,1,False,O=C(c1cccc(-c2cccnc2)c1)c1cnn(-c2ccccc2)c1,MK14_active_L000455,train,development_train
MK14_active_L000457,Cc4nnc(c3ccc(C)c(c2ccc(C(=O)NCc1ccc(NS(C)(=O)=O)cc1)cc2)c3)o4,active,DUD-E,MK14,438932,CHEMBL271272,457,ok,Cc1nnc(-c2ccc(C)c(-c3ccc(C(=O)NCc4ccc(NS(C)(=O)=O)cc4)cc3)c2)o1,C25H24N4O4S,34,476.558,0,7,2,6,4.322,1,False,O=C(NCc1ccccc1)c1ccc(-c2cccc(-c3nnco3)c2)cc1,MK14_active_L000457,train,development_train
MK14_active_L000463,Clc1ccccc1n5ncc4CN(C(=O)c3ccc2cc[nH]c2c3)CCc45,active,DUD-E,MK14,386110,CHEMBL242908,463,ok,O=C(c1ccc2cc[nH]c2c1)N1CCc2c(cnn2-c2ccccc2Cl)C1,C21H17ClN4O,27,376.847,0,2,1,2,4.206,1,False,O=C(c1ccc2cc[nH]c2c1)N1CCc2c(cnn2-c2ccccc2)C1,MK14_active_L000463,train,development_train
MK14_active_L000481,Fc4ccc(c3c(c2ccnc(Oc1ccccc1)n2)n(CC=O)oc3=O)cc4,active,DUD-E,MK14,325445,CHEMBL196369,481,ok,O=CCn1oc(=O)c(-c2ccc(F)cc2)c1-c1ccnc(Oc2ccccc2)n1,C21H14FN3O4,29,391.358,0,6,0,6,3.696,1,False,O=c1o[nH]c(-c2ccnc(Oc3ccccc3)n2)c1-c1ccccc1,MK14_active_L000481,train,development_train
MK14_active_L000485,Cc3ccc(NC(=O)c2ccnc(N1CCCC1)c2)cc3c5ccc4[nH]c(=O)ccc4c5,active,DUD-E,MK14,493723,CHEMBL495917,485,ok,Cc1ccc(NC(=O)c2ccnc(N3CCCC3)c2)cc1-c1ccc2[nH]c(=O)ccc2c1,C26H24N4O2,32,424.504,0,4,2,4,4.751,1,False,O=C(Nc1cccc(-c2ccc3[nH]c(=O)ccc3c2)c1)c1ccnc(N2CCCC2)c1,MK14_active_L000485,train,development_train
MK14_active_L000491,COc5cc4ncnc(Nc3cc(NC(=O)c2ccnc(N1CCOCC1)c2)ccc3C)c4cc5OCCN6CCCCC6,active,DUD-E,MK14,310006,CHEMBL188167,491,ok,COc1cc2ncnc(Nc3cc(NC(=O)c4ccnc(N5CCOCC5)c4)ccc3C)c2cc1OCCN1CCCCC1,C33H39N7O4,44,597.72,0,10,2,10,5.039,1,False,O=C(Nc1cccc(Nc2ncnc3ccc(OCCN4CCCCC4)cc23)c1)c1ccnc(N2CCOCC2)c1,MK14_active_L000491,train,development_train
MK14_active_L000492,Cc3ccc(NC(=O)c2ccnc(N1CCOCC1)c2)cc3Nc5ccnc(NCCCN4CCCC4)n5,active,DUD-E,MK14,310054,CHEMBL426969,492,ok,Cc1ccc(NC(=O)c2ccnc(N3CCOCC3)c2)cc1Nc1ccnc(NCCCN2CCCC2)n1,C28H36N8O2,38,516.65,0,10,3,9,3.91,1,False,O=C(Nc1cccc(Nc2ccnc(NCCCN3CCCC3)n2)c1)c1ccnc(N2CCOCC2)c1,MK14_active_L000492,train,development_train
MK14_active_L000494,CN(C)c4cccc(C(=O)Nc3ccc(C)c(NC(=O)c2ccc(OCc1ccccn1)cc2)c3)c4,active,DUD-E,MK14,310025,CHEMBL366255,494,ok,Cc1ccc(NC(=O)c2cccc(N(C)C)c2)cc1NC(=O)c1ccc(OCc2ccccn2)cc1,C29H28N4O3,36,480.568,0,8,2,5,5.54,1,False,O=C(Nc1cccc(NC(=O)c2ccc(OCc3ccccn3)cc2)c1)c1ccccc1,MK14_active_L000494,train,development_train
MK14_active_L000504,C[C@H](Nc4nccc(c2c(c1ccc(F)cc1)ncn2Cc3cccc(C(N)=O)c3)n4)c5ccccc5,active,DUD-E,MK14,468073,CHEMBL481354,504,ok,C[C@H](Nc1nccc(-c2c(-c3ccc(F)cc3)ncn2Cc2cccc(C(N)=O)c2)n1)c1ccccc1,C29H25FN6O,37,492.558,0,8,2,5,5.467,1,False,c1ccc(CNc2nccc(-c3c(-c4ccccc4)ncn3Cc3ccccc3)n2)cc1,MK14_active_L000504,train,development_train
MK14_active_L000507,CC(C)(C)c4cc(NC(=O)Nc1ccccc1)n(c3cccc(CNC(=O)C2CCCC[C@H]2C(O)=O)c3)n4,active,DUD-E,MK14,683443,CHEMBL1209638,507,ok,CC(C)(C)c1cc(NC(=O)Nc2ccccc2)n(-c2cccc(CNC(=O)C3CCCC[C@H]3C(=O)O)c2)n1,C29H35N5O4,38,517.63,0,7,4,4,5.321,1,False,O=C(Nc1ccccc1)Nc1ccnn1-c1cccc(CNC(=O)C2CCCCC2)c1,MK14_active_L000507,train,development_train
MK14_active_L000509,Cc2ccc(C(=O)NCCCC1CCCCC1)cc2C(=O)Nc3ccc(N)nc3,active,DUD-E,MK14,448013,CHEMBL520718,509,ok,Cc1ccc(C(=O)NCCCC2CCCCC2)cc1C(=O)Nc1ccc(N)nc1,C23H30N4O2,29,394.519,0,7,3,4,4.315,1,False,O=C(NCCCC1CCCCC1)c1cccc(C(=O)Nc2cccnc2)c1,MK14_active_L000509,train,development_train
MK14_active_L000519,CC(C)c2onc(c1ccc(F)cc1)c2c4ccnc(NC3CCOCC3)c4,active,DUD-E,MK14,577832,CHEMBL569552,519,ok,CC(C)c1onc(-c2ccc(F)cc2)c1-c1ccnc(NC2CCOCC2)c1,C22H24FN3O2,28,381.451,0,5,1,5,5.257,1,False,c1ccc(-c2nocc2-c2ccnc(NC3CCOCC3)c2)cc1,MK14_active_L000519,train,development_train
MK14_active_L000532,Fc4ccc(c2ncn(CCCOc1ccccc1)c2c3ccncc3)cc4,active,DUD-E,MK14,210536,CHEMBL339699,532,ok,Fc1ccc(-c2ncn(CCCOc3ccccc3)c2-c2ccncc2)cc1,C23H20FN3O,28,373.431,0,7,0,3,5.22,1,False,c1ccc(OCCCn2cnc(-c3ccccc3)c2-c2ccncc2)cc1,MK14_active_L000532,train,development_train
MK14_active_L000553,CN5CCC(N(C)c4nccc(Nc3cc(NC(=O)c2ccnc(N1CCOCC1)c2)ccc3C)n4)CC5,active,DUD-E,MK14,310119,CHEMBL366080,553,ok,Cc1ccc(NC(=O)c2ccnc(N3CCOCC3)c2)cc1Nc1ccnc(N(C)C2CCN(C)CC2)n1,C28H36N8O2,38,516.65,0,7,2,9,3.543,1,False,O=C(Nc1cccc(Nc2ccnc(NC3CCNCC3)n2)c1)c1ccnc(N2CCOCC2)c1,MK14_active_L000553,train,development_train
MK14_active_L000568,Cc2ccc(C(=O)NCC1CC1)cc2c4ccc(C(=O)NCC3CC3)cc4,active,DUD-E,MK14,490624,CHEMBL476978,568,ok,Cc1ccc(C(=O)NCC2CC2)cc1-c1ccc(C(=O)NCC2CC2)cc1,C23H26N2O2,27,362.473,0,7,2,2,3.942,1,False,O=C(NCC1CC1)c1ccc(-c2cccc(C(=O)NCC3CC3)c2)cc1,MK14_active_L000568,train,development_train
MK14_active_L000570,CCN(C(=O)c2cccc1CCOc12)c4ccnc(N[C@@H](C)c3ccccc3)n4,active,DUD-E,MK14,623934,CHEMBL1091259,570,ok,CCN(C(=O)c1cccc2c1OCC2)c1ccnc(N[C@@H](C)c2ccccc2)n1,C23H24N4O2,29,388.471,0,6,1,5,4.251,1,False,O=C(Nc1ccnc(NCc2ccccc2)n1)c1cccc2c1OCC2,MK14_active_L000570,train,development_train
MK14_active_L000571,COc3ccc(N(C(=O)Nc1ccccc1Cl)c2ccnc(N[C@@H](C)C(C)(C)O)n2)cc3,active,DUD-E,MK14,351341,CHEMBL379760,571,ok,COc1ccc(N(C(=O)Nc2ccccc2Cl)c2ccnc(N[C@@H](C)C(C)(C)O)n2)cc1,C23H26ClN5O3,32,455.946,0,7,3,6,5.08,1,False,O=C(Nc1ccccc1)N(c1ccccc1)c1ccncn1,MK14_active_L000571,train,development_train
MK14_active_L000578,Cc4nc(c3ccc(c2cc(C(=O)NC1CC1)ccc2C)cc3)no4,active,DUD-E,MK14,493381,CHEMBL496130,578,ok,Cc1nc(-c2ccc(-c3cc(C(=O)NC4CC4)ccc3C)cc2)no1,C20H19N3O2,25,333.391,0,4,1,4,3.913,1,False,O=C(NC1CC1)c1cccc(-c2ccc(-c3ncon3)cc2)c1,MK14_active_L000578,train,development_train
MK14_decoy_L001058,CC[NH+]1CCC[C@@H]1CN[C@@H]2c3cc(ccc3NC2=O)Br,decoy,DUD-E,MK14,C19959864,,1058,ok,CC[NH+]1CCC[C@@H]1CN[C@H]1C(=O)Nc2ccc(Br)cc21,C15H21BrN3O+,20,339.257,1,4,3,2,1.099,1,False,O=C1Nc2ccccc2C1NCC1CCC[NH2+]1,MK14_decoy_L001058,train,development_train
MK14_decoy_L001168,Cc1ccc(s1)C(=O)C[C@]2(c3ccccc3NC2=O)O,decoy,DUD-E,MK14,C00565330,,1168,ok,Cc1ccc(C(=O)C[C@]2(O)C(=O)Nc3ccccc32)s1,C15H13NO3S,20,287.34,0,3,2,4,2.469,1,False,O=C(CC1C(=O)Nc2ccccc21)c1cccs1,MK14_decoy_L001168,train,development_train
MK14_decoy_L001595,CCc1c(c2ccc(cc2[nH]c1=O)NC(=O)/C=C\c3ccccc3)C,decoy,DUD-E,MK14,C49472048,,1595,ok,CCc1c(C)c2ccc(NC(=O)/C=C\c3ccccc3)cc2[nH]c1=O,C21H20N2O2,25,332.403,0,4,2,2,4.051,1,False,O=C(C=Cc1ccccc1)Nc1ccc2ccc(=O)[nH]c2c1,MK14_decoy_L001595,train,development_train
MK14_decoy_L003244,Cc1ccc2=[NH+]CC(=c2c1)CCNC(=O)CCn3c4cc(c(cc4nc(c3=O)C)C)C,decoy,DUD-E,MK14,C64502341,,3244,ok,Cc1ccc2c(c1)=C(CCNC(=O)CCn1c(=O)c(C)nc3cc(C)c(C)cc31)C[NH+]=2,C25H29N4O2+,31,417.533,1,6,2,3,0.091,1,False,O=C(CCn1c(=O)cnc2ccccc21)NCCC1=c2ccccc2=[NH+]C1,MK14_decoy_L003244,train,development_train
MK14_decoy_L004333,c1ccc(cc1)N=Nc2ccc(cc2)N3C(=O)C[C@H](C3=O)[NH2+]CCC4=c5ccccc5=[NH+]C4,decoy,DUD-E,MK14,C63416398,,4333,ok,O=C1C[C@@H]([NH2+]CCC2=c3ccccc3=[NH+]C2)C(=O)N1c1ccc(N=Nc2ccccc2)cc1,C26H25N5O2+2,33,439.519,2,7,2,4,0.252,1,False,O=C1CC([NH2+]CCC2=c3ccccc3=[NH+]C2)C(=O)N1c1ccc(N=Nc2ccccc2)cc1,MK14_decoy_L004333,train,development_train
MK14_decoy_L004683,C[C@H]1C[C@@H](C[NH+](C1)CCCNC(=O)[C@@]2(Cn3c4ccoc4cc3C(=O)N2Cc5ccc(cc5)Cl)C)C,decoy,DUD-E,MK14,C35538406,,4683,ok,C[C@H]1C[C@H](C)C[NH+](CCCNC(=O)[C@]2(C)Cn3c(cc4occc43)C(=O)N2Cc2ccc(Cl)cc2)C1,C28H36ClN4O3+,36,512.074,1,7,2,3,3.37,1,False,O=C(NCCC[NH+]1CCCCC1)C1Cn2c(cc3occc32)C(=O)N1Cc1ccccc1,MK14_decoy_L004683,train,development_train
MK14_decoy_L005335,c1cc2c(cc1CNc3c(c(ncn3)Nc4ccc(cc4F)Br)[N+](=O)[O-])OCO2,decoy,DUD-E,MK14,C40585250,,5335,ok,O=[N+]([O-])c1c(NCc2ccc3c(c2)OCO3)ncnc1Nc1ccc(Br)cc1F,C18H13BrFN5O4,29,462.235,0,6,2,8,4.371,1,False,c1ccc(Nc2cc(NCc3ccc4c(c3)OCO4)ncn2)cc1,MK14_decoy_L005335,train,development_train
MK14_decoy_L006049,CN(C)c1ccc(cc1)[C@H](CNC(=O)Cc2ccc(cc2)N3CCCC3=O)C4=c5ccccc5=[NH+]C4,decoy,DUD-E,MK14,C63831438,,6049,ok,CN(C)c1ccc([C@H](CNC(=O)Cc2ccc(N3CCCC3=O)cc2)C2=c3ccccc3=[NH+]C2)cc1,C30H33N4O2+,36,481.62,1,8,2,3,0.887,1,False,O=C(Cc1ccc(N2CCCC2=O)cc1)NCC(C1=c2ccccc2=[NH+]C1)c1ccccc1,MK14_decoy_L006049,train,development_train
MK14_decoy_L006697,Cc1ccc2=[NH+]CC(=c2c1)CCNC(=O)[C@@H]3[C@@H](c4ccc(cc4S3)Cl)Cl,decoy,DUD-E,MK14,C63547090,,6697,ok,Cc1ccc2c(c1)=C(CCNC(=O)[C@H]1Sc3cc(Cl)ccc3[C@H]1Cl)C[NH+]=2,C20H19Cl2N2OS+,26,406.358,1,4,2,2,1.474,1,False,O=C(NCCC1=c2ccccc2=[NH+]C1)C1Cc2ccccc2S1,MK14_decoy_L006697,train,development_train
MK14_decoy_L006773,c1ccc(cc1)Sc2ccccc2NC(=O)[C@@H]3CCC[NH+](C3)Cc4nc(no4)c5ccc(cc5)Cl,decoy,DUD-E,MK14,C31045529,,6773,ok,O=C(Nc1ccccc1Sc1ccccc1)[C@@H]1CCC[NH+](Cc2nc(-c3ccc(Cl)cc3)no2)C1,C27H26ClN4O2S+,35,506.051,1,7,2,5,4.975,1,False,O=C(Nc1ccccc1Sc1ccccc1)C1CCC[NH+](Cc2nc(-c3ccccc3)no2)C1,MK14_decoy_L006773,train,development_train
MK14_decoy_L007322,CCc1c(c(nc(n1)SCC(=O)N[C@@H]2CCOc3c2cccc3)N)c4ccc(cc4)Cl,decoy,DUD-E,MK14,C25589137,,7322,ok,CCc1nc(SCC(=O)N[C@@H]2CCOc3ccccc32)nc(N)c1-c1ccc(Cl)cc1,C23H23ClN4O2S,31,454.983,0,6,2,6,4.674,1,False,O=C(CSc1ncc(-c2ccccc2)cn1)NC1CCOc2ccccc21,MK14_decoy_L007322,train,development_train
MK14_decoy_L007768,Cc1c(c(c(c(c1Cl)O)C/C=C(\C)/[C@@H](C[C@]2([C@@H](CCC(=O)[C@H]2C)C)C)O)O)C=O,decoy,DUD-E,MK14,C14957950,,7768,ok,C/C(=C\Cc1c(O)c(Cl)c(C)c(C=O)c1O)[C@H](O)C[C@@]1(C)[C@H](C)CCC(=O)[C@H]1C,C23H31ClO5,29,422.949,0,6,3,5,4.753,1,False,O=C1CCCC(CCC=CCc2ccccc2)C1,MK14_decoy_L007763,train,development_train
MK14_decoy_L008708,C[C@@H]1CCc2c(cc(s2)c3nnc(o3)S[C@H](C)C(=O)NC(=O)N)C1,decoy,DUD-E,MK14,C07130540,,8708,ok,C[C@@H]1CCc2sc(-c3nnc(S[C@H](C)C(=O)NC(N)=O)o3)cc2C1,C15H18N4O3S2,24,366.468,0,4,2,7,2.598,1,False,c1nnc(-c2cc3c(s2)CCCC3)o1,MK14_decoy_L008708,train,development_train
MK14_decoy_L008855,C[C@H](C(=O)Nc1ccccc1Sc2ccccc2)[NH+](C)Cc3[nH]c(=O)c4ccccc4n3,decoy,DUD-E,MK14,C09729889,,8855,ok,C[C@H](C(=O)Nc1ccccc1Sc1ccccc1)[NH+](C)Cc1nc2ccccc2c(=O)[nH]1,C25H25N4O2S+,32,445.568,1,7,3,4,3.116,1,False,O=C(C[NH2+]Cc1nc2ccccc2c(=O)[nH]1)Nc1ccccc1Sc1ccccc1,MK14_decoy_L008855,train,development_train
MK14_decoy_L009071,CCc1c(sc2c1c(=O)n(c(n2)N3CC[NH+](CC3)CC(=O)N4CC4)CCc5ccccc5)C,decoy,DUD-E,MK14,C34749338,,9071,ok,CCc1c(C)sc2nc(N3CC[NH+](CC(=O)N4CC4)CC3)n(CCc3ccccc3)c(=O)c12,C25H32N5O2S+,33,466.631,1,7,1,5,1.119,1,False,O=C(C[NH+]1CCN(c2nc3sccc3c(=O)n2CCc2ccccc2)CC1)N1CC1,MK14_decoy_L009071,train,development_train
MK14_decoy_L009285,Cc1ccc(cc1)C2=[NH+]C3=C[C@@H](NN3C(=C2)C(F)(F)F)C(=O)NC[C@@H]4C=c5cc(ccc5=[NH+]4)Cl,decoy,DUD-E,MK14,C63111113,,9285,ok,Cc1ccc(C2=[NH+]C3=C[C@H](C(=O)NC[C@@H]4C=c5cc(Cl)ccc5=[NH+]4)NN3C(C(F)(F)F)=C2)cc1,C24H21ClF3N5O+2,34,487.913,2,4,4,3,-1.313,1,False,O=C(NCC1C=c2ccccc2=[NH+]1)C1C=C2[NH+]=C(c3ccccc3)C=CN2N1,MK14_decoy_L000377,train,development_train
MK14_decoy_L009706,Cc1c2cc3c(coc3c(c2oc(=O)c1CC(=O)N4CC[C@@]5(CCCC[C@H]5C4)O)C)c6ccc(cc6)OC,decoy,DUD-E,MK14,C11867356,,9706,ok,COc1ccc(-c2coc3c(C)c4oc(=O)c(CC(=O)N5CC[C@]6(O)CCCC[C@H]6C5)c(C)c4cc23)cc1,C31H33NO6,38,515.606,0,4,1,6,5.528,1,False,O=C(Cc1cc2cc3c(-c4ccccc4)coc3cc2oc1=O)N1CCC2CCCCC2C1,MK14_decoy_L000308,train,development_train
MK14_decoy_L010208,C[NH+](C)[C@H](CN/C=C\1/C=c2ccccc2=[NH+]C1=O)c3cccc(c3)OC,decoy,DUD-E,MK14,C27063267,,10208,ok,COc1cccc([C@@H](CN/C=C2/C=c3ccccc3=[NH+]C2=O)[NH+](C)C)c1,C21H25N3O2+2,26,351.45,2,6,3,3,-1.925,1,False,O=C1[NH+]=c2ccccc2=CC1=CNCCc1ccccc1,MK14_decoy_L001073,train,development_train
MK14_decoy_L010290,c1ccc(c(c1)NC(=O)COC(=O)C2CCN(CC2)c3ccc(cn3)C#N)I,decoy,DUD-E,MK14,C45701905,,10290,ok,N#Cc1ccc(N2CCC(C(=O)OCC(=O)Nc3ccccc3I)CC2)nc1,C20H19IN4O3,28,490.301,0,5,1,6,2.956,1,False,O=C(COC(=O)C1CCN(c2ccccn2)CC1)Nc1ccccc1,MK14_decoy_L010290,train,development_train
MK14_decoy_L010627,COc1ccc2c(c1)[C@@]3(CC[NH2+][C@@H]3c4cc(cc(c4)OC)OC)C(=O)N2,decoy,DUD-E,MK14,C62001638,,10627,ok,COc1cc(OC)cc([C@H]2[NH2+]CC[C@]23C(=O)Nc2ccc(OC)cc23)c1,C20H23N2O4+,26,355.414,1,4,2,4,1.611,1,False,O=C1Nc2ccccc2C12CC[NH2+]C2c1ccccc1,MK14_decoy_L010626,train,development_train
MK14_decoy_L010849,c1ccc2=[NH+]CC(=c2c1)CCC(=O)Nc3ccc(cc3)S(=O)(=O)N[C@H]4CCS(=O)(=O)C4,decoy,DUD-E,MK14,C63204356,,10849,ok,O=C(CCC1=c2ccccc2=[NH+]C1)Nc1ccc(S(=O)(=O)N[C@H]2CCS(=O)(=O)C2)cc1,C21H24N3O5S2+,31,462.573,1,7,3,5,-1.565,1,False,O=C(CCC1=c2ccccc2=[NH+]C1)Nc1ccc(S(=O)(=O)NC2CCS(=O)(=O)C2)cc1,MK14_decoy_L010849,train,development_train
MK14_decoy_L011521,c1ccc(c(c1)c2[nH]c3ccccc3n2)NC(=O)/C=C/c4ccc(cc4)Cl,decoy,DUD-E,MK14,C12311563,,11521,ok,O=C(/C=C/c1ccc(Cl)cc1)Nc1ccccc1-c1nc2ccccc2[nH]1,C22H16ClN3O,27,373.843,0,4,2,2,5.535,1,False,O=C(C=Cc1ccccc1)Nc1ccccc1-c1nc2ccccc2[nH]1,MK14_decoy_L011521,train,development_train
MK14_decoy_L012302,CC(=O)[C@]12CC=CC[C@H]1C[C@@H]3[C@@]2(CC[C@@H]4[C@@H]3CC=C5[C@@]4(CC[C@@H](C5)OC(=O)C)C)C,decoy,DUD-E,MK14,C04006972,,12302,ok,CC(=O)O[C@H]1CC[C@@]2(C)C(=CC[C@H]3[C@H]2CC[C@@]2(C)[C@H]3C[C@@H]3CC=CC[C@@]32C(C)=O)C1,C27H38O3,30,410.598,0,2,0,3,6.032,1,False,C1=CCC2C(C1)CC1C2CCC2C3CCCCC3=CCC21,MK14_decoy_L012302,train,development_train
MK14_decoy_L012600,Cc1c2c(ncn(c2=O)Cc3ccc(cc3)C(C)(C)C)sc1c4nc(no4)c5ccc(cc5)Cl,decoy,DUD-E,MK14,C67260331,,12600,ok,Cc1c(-c2nc(-c3ccc(Cl)cc3)no2)sc2ncn(Cc3ccc(C(C)(C)C)cc3)c(=O)c12,C26H23ClN4O2S,34,491.016,0,4,0,6,6.483,1,False,O=c1c2cc(-c3nc(-c4ccccc4)no3)sc2ncn1Cc1ccccc1,MK14_decoy_L012600,train,development_train
MK14_decoy_L012620,C[C@H]1CC(=O)c2c(ccc(c2O)[C@@H]3c4c(cccc4OC)C(=O)O3)[C@@H]1O,decoy,DUD-E,MK14,C36374949,,12620,ok,COc1cccc2c1[C@@H](c1ccc3c(c1O)C(=O)C[C@H](C)[C@H]3O)OC2=O,C20H18O6,26,354.358,0,2,2,6,2.917,1,False,O=C1CCCc2ccc(C3OC(=O)c4ccccc43)cc21,MK14_decoy_L012620,train,development_train
MK14_decoy_L012853,CC(C)C[C@@H]1C(=O)O[C@@]2(N1C(=S)NC(C2)(C)C)C,decoy,DUD-E,MK14,C04294174,,12853,ok,CC(C)C[C@@H]1C(=O)O[C@@]2(C)CC(C)(C)NC(=S)N12,C13H22N2O2S,18,270.398,0,2,1,3,2.033,1,False,O=C1CN2C(=S)NCCC2O1,MK14_decoy_L012853,train,development_train
MK14_decoy_L014194,c1ccc(cc1)[C@H](C2CC2)NC(=O)C[NH+]3CCC(CC3)NC(=O)C4CCCCC4,decoy,DUD-E,MK14,C65963256,,14194,ok,O=C(C[NH+]1CCC(NC(=O)C2CCCCC2)CC1)N[C@H](c1ccccc1)C1CC1,C24H36N3O2+,29,398.571,1,7,3,2,1.998,1,False,O=C(C[NH+]1CCC(NC(=O)C2CCCCC2)CC1)NC(c1ccccc1)C1CC1,MK14_decoy_L014194,train,development_train
MK14_decoy_L014499,CC1=C2[C@@H](N(C(=O)[C@H]2N=N1)c3ccc(cc3)Br)c4ccc(cc4)Br,decoy,DUD-E,MK14,C20855038,,14499,ok,CC1=C2[C@H](N=N1)C(=O)N(c1ccc(Br)cc1)[C@H]2c1ccc(Br)cc1,C18H13Br2N3O,24,447.13,0,2,0,3,5.408,1,False,O=C1C2N=NC=C2C(c2ccccc2)N1c1ccccc1,MK14_decoy_L014499,train,development_train
MK14_decoy_L014506,Cc1ccc(cc1)S(=O)(=O)O[C@@H]2CC[C@]3([C@@H](C2)CC[C@@H]4[C@@H]3CC[C@@]5([C@@H]4CC(=O)C5)C)C,decoy,DUD-E,MK14,C03843712,,14506,ok,Cc1ccc(S(=O)(=O)O[C@@H]2CC[C@@]3(C)[C@H](CC[C@H]4[C@H]5CC(=O)C[C@]5(C)CC[C@@H]43)C2)cc1,C26H36O4S,31,444.637,0,3,0,4,5.681,1,False,O=C1CC2CCC3C4CCC(OS(=O)(=O)c5ccccc5)CC4CCC3C2C1,MK14_decoy_L014506,train,development_train
MK14_decoy_L014596,c1cc(nc2c1cc(cc2)N)Nc3cc(cc(c3F)F)F,decoy,DUD-E,MK14,C61099519,,14596,ok,Nc1ccc2nc(Nc3cc(F)cc(F)c3F)ccc2c1,C15H10F3N3,21,289.26,0,2,2,3,3.978,1,False,c1ccc(Nc2ccc3ccccc3n2)cc1,MK14_decoy_L012526,train,development_train
MK14_decoy_L015055,Cc1ccccc1OCc2nnc(n2C)SCC(=O)N3CC[NH+](CC3)C(c4ccccc4)c5ccccc5,decoy,DUD-E,MK14,C09850497,,15055,ok,Cc1ccccc1OCc1nnc(SCC(=O)N2CC[NH+](C(c3ccccc3)c3ccccc3)CC2)n1C,C30H34N5O2S+,38,528.702,1,9,1,5,3.311,1,False,O=C(CSc1nnc(COc2ccccc2)[nH]1)N1CC[NH+](C(c2ccccc2)c2ccccc2)CC1,MK14_decoy_L015055,train,development_train
MK14_decoy_L015279,Cc1ccc2c(c1)c(c[nH]2)C3CCN(CC3)S(=O)(=O)c4ccc(cc4OC(F)(F)F)Br,decoy,DUD-E,MK14,C23450141,,15279,ok,Cc1ccc2[nH]cc(C3CCN(S(=O)(=O)c4ccc(Br)cc4OC(F)(F)F)CC3)c2c1,C21H20BrF3N2O3S,31,517.367,0,4,1,3,5.706,1,False,O=S(=O)(c1ccccc1)N1CCC(c2c[nH]c3ccccc23)CC1,MK14_decoy_L015279,train,development_train
MK14_decoy_L015544,Cc1ccc(cc1C)[C@@H](C)NC(=O)[C@@H]2CN(c3cc(ccc3O2)C(C)(C)C)S(=O)(=O)C,decoy,DUD-E,MK14,C44856425,,15544,ok,Cc1ccc([C@@H](C)NC(=O)[C@@H]2CN(S(C)(=O)=O)c3cc(C(C)(C)C)ccc3O2)cc1C,C24H32N2O4S,31,444.597,0,4,1,4,4.005,1,False,O=C(NCc1ccccc1)C1CNc2ccccc2O1,MK14_decoy_L015544,train,development_train
MK14_decoy_L015596,c1ccc(cc1)CN(CCC(=O)N)C(=O)C[NH+]2Cc3ccccc3-c4ccccc4C2,decoy,DUD-E,MK14,C60361309,,15596,ok,NC(=O)CCN(Cc1ccccc1)C(=O)C[NH+]1Cc2ccccc2-c2ccccc2C1,C26H28N3O2+,31,414.529,1,7,2,2,2.156,1,False,O=C(C[NH+]1Cc2ccccc2-c2ccccc2C1)NCc1ccccc1,MK14_decoy_L015596,train,development_train
MK14_decoy_L015831,CN(c1ccccc1)NC(=O)NCc2ccc(s2)Br,decoy,DUD-E,MK14,C49247405,,15831,ok,CN(NC(=O)NCc1ccc(Br)s1)c1ccccc1,C13H14BrN3OS,19,340.246,0,4,2,3,3.361,1,False,O=C(NCc1cccs1)NNc1ccccc1,MK14_decoy_L015831,train,development_train
MK14_decoy_L015843,c1cc(ccc1C2(CC2)C(=O)Nc3cc(c[nH]c3=O)C(F)(F)F)Cl,decoy,DUD-E,MK14,C59301757,,15843,ok,O=C(Nc1cc(C(F)(F)F)c[nH]c1=O)C1(c2ccc(Cl)cc2)CC1,C16H12ClF3N2O2,24,356.731,0,3,2,2,3.717,1,False,O=C(Nc1ccc[nH]c1=O)C1(c2ccccc2)CC1,MK14_decoy_L015843,train,development_train
MK14_decoy_L016973,CCOc1ccccc1[C@H]2[C@H]3CC=C[C@@H]3c4cc(ccc4N2)S(=O)(=O)N5CCOCC5,decoy,DUD-E,MK14,C14545431,,16973,ok,CCOc1ccccc1[C@@H]1Nc2ccc(S(=O)(=O)N3CCOCC3)cc2[C@H]2C=CC[C@@H]21,C24H28N2O4S,31,440.565,0,5,1,5,3.933,1,False,O=S(=O)(c1ccc2c(c1)C1C=CCC1C(c1ccccc1)N2)N1CCOCC1,MK14_decoy_L016825,train,development_train
MK14_decoy_L017314,CC1(CC2=C([C@H](N(c3ccccc3N2)Cc4[nH]c5ccccc5n4)c6ccccc6)C(=O)C1)C,decoy,DUD-E,MK14,C09281385,,17314,ok,CC1(C)CC(=O)C2=C(C1)Nc1ccccc1N(Cc1nc3ccccc3[nH]1)[C@@H]2c1ccccc1,C29H28N4O,34,448.57,0,3,2,4,6.38,1,False,O=C1CCCC2=C1C(c1ccccc1)N(Cc1nc3ccccc3[nH]1)c1ccccc1N2,MK14_decoy_L017314,train,development_train
MK14_decoy_L017817,COc1c(cc(cc1Br)Br)C(=O)NC(=S)NC23CC4CC(C2)CC(C4)C3,decoy,DUD-E,MK14,C20353412,,17817,ok,COc1c(Br)cc(Br)cc1C(=O)NC(=S)NC12CC3CC(CC(C3)C1)C2,C19H22Br2N2O2S,26,502.272,0,3,2,3,4.793,1,False,O=C(NC(=S)NC12CC3CC(CC(C3)C1)C2)c1ccccc1,MK14_decoy_L017817,train,development_train
MK14_decoy_L018641,C[C@H](CC1=c2ccccc2=[NH+]C1)NC(=O)COc3ccc4c(c3)C(=O)N5CCCCC[C@@H]5N4,decoy,DUD-E,MK14,C63270291,,18641,ok,C[C@H](CC1=c2ccccc2=[NH+]C1)NC(=O)COc1ccc2c(c1)C(=O)N1CCCCC[C@@H]1N2,C26H31N4O3+,33,447.559,1,6,3,4,0.293,1,False,O=C(COc1ccc2c(c1)C(=O)N1CCCCCC1N2)NCCC1=c2ccccc2=[NH+]C1,MK14_decoy_L018641,train,development_train
MK14_decoy_L019224,Cc1cc(cc(c1C)NC(=O)CN2CCCc3c2c(cc(c3)F)F)S(=O)(=O)N,decoy,DUD-E,MK14,C26726166,,19224,ok,Cc1cc(S(N)(=O)=O)cc(NC(=O)CN2CCCc3cc(F)cc(F)c32)c1C,C19H21F2N3O3S,28,409.458,0,4,2,4,2.62,1,False,O=C(CN1CCCc2ccccc21)Nc1ccccc1,MK14_decoy_L002714,train,development_train
MK14_decoy_L019326,C[C@@H]1CCCC[C@@]12C(=O)N(C(=O)N2)CC(=O)NC[C@@H]3CC4c5ccccc5C3c6c4cccc6,decoy,DUD-E,MK14,C24092528,,19326,ok,C[C@@H]1CCCC[C@]12NC(=O)N(CC(=O)NC[C@@H]1CC3c4ccccc4C1c1ccccc13)C2=O,C28H31N3O3,34,457.574,0,4,2,3,3.901,1,False,O=C(CN1C(=O)NC2(CCCCC2)C1=O)NCC1CC2c3ccccc3C1c1ccccc12,MK14_decoy_L019326,train,development_train
MK14_decoy_L020004,CCOc1c(cc(cc1Cl)[C@@H]2C(=C(N(C3=C2C(=O)CCC3)Nc4ccccc4)N)C#N)Cl,decoy,DUD-E,MK14,C00639255,,20004,ok,CCOc1c(Cl)cc([C@@H]2C(C#N)=C(N)N(Nc3ccccc3)C3=C2C(=O)CCC3)cc1Cl,C24H22Cl2N4O2,32,469.372,0,5,2,6,5.519,1,False,O=C1CCCC2=C1C(c1ccccc1)C=CN2Nc1ccccc1,MK14_decoy_L020004,train,development_train
MK14_decoy_L020124,c1cc(ccc1OCCSc2nnc(s2)N)Br,decoy,DUD-E,MK14,C03263068,,20124,ok,Nc1nnc(SCCOc2ccc(Br)cc2)s1,C10H10BrN3OS2,17,332.248,0,5,1,6,3.054,1,False,c1ccc(OCCSc2nncs2)cc1,MK14_decoy_L020124,train,development_train
MK14_decoy_L020279,COC(=O)[C@H]1[C@@H](NC(=O)NC1=C)c2cc(ccc2OC(F)F)Br,decoy,DUD-E,MK14,C03199630,,20279,ok,C=C1NC(=O)N[C@@H](c2cc(Br)ccc2OC(F)F)[C@@H]1C(=O)OC,C14H13BrF2N2O4,23,391.168,0,4,2,4,2.707,1,False,C=C1CC(c2ccccc2)NC(=O)N1,MK14_decoy_L020279,train,development_train
MK14_decoy_L020336,CC/[NH+]=C(/N(CCc1c([nH]c2c1cc(cc2)C)C)Cc3ccco3)\[S-],decoy,DUD-E,MK14,C08860120,,20336,ok,CC/[NH+]=C(\[S-])N(CCc1c(C)[nH]c2ccc(C)cc12)Cc1ccco1,C20H25N3OS,25,355.507,0,6,2,2,2.426,1,False,c1coc(CNCCc2c[nH]c3ccccc23)c1,MK14_decoy_L020336,train,development_train
MK14_decoy_L020630,c1cc(c(cc1S(=O)(=O)NNC(=O)C23CC4CC(C2)CC(C4)C3)Cl)OC(F)F,decoy,DUD-E,MK14,C32586918,,20630,ok,O=C(NNS(=O)(=O)c1ccc(OC(F)F)c(Cl)c1)C12CC3CC(CC(C3)C1)C2,C18H21ClF2N2O4S,28,434.892,0,6,2,4,3.467,1,False,O=C(NNS(=O)(=O)c1ccccc1)C12CC3CC(CC(C3)C1)C2,MK14_decoy_L020630,train,development_train
MK14_decoy_L021108,c1ccc(cc1)C[C@@H](c2[nH]c3ccccc3n2)NC(=O)CCc4cccs4,decoy,DUD-E,MK14,C07987563,,21108,ok,O=C(CCc1cccs1)N[C@@H](Cc1ccccc1)c1nc2ccccc2[nH]1,C22H21N3OS,27,375.497,0,7,2,3,4.657,1,False,O=C(CCc1cccs1)NC(Cc1ccccc1)c1nc2ccccc2[nH]1,MK14_decoy_L021108,train,development_train
MK14_decoy_L021406,c1cc(ccc1CCC(=O)NCc2ccc(cc2)S(=O)(=O)N)S(=O)(=O)N3CCCCC3,decoy,DUD-E,MK14,C09544593,,21406,ok,NS(=O)(=O)c1ccc(CNC(=O)CCc2ccc(S(=O)(=O)N3CCCCC3)cc2)cc1,C21H27N3O5S2,31,465.597,0,8,2,5,1.758,1,False,O=C(CCc1ccc(S(=O)(=O)N2CCCCC2)cc1)NCc1ccccc1,MK14_decoy_L021406,train,development_train
MK14_decoy_L021941,c1ccc2=[NH+][C@H]3[C@@H](CCCC3=c2c1)C(=O)NC[C@@H]4Cc5c(ccc(c5O4)c6ncccn6)F,decoy,DUD-E,MK14,C64002187,,21941,ok,O=C(NC[C@@H]1Cc2c(F)ccc(-c3ncccn3)c2O1)[C@@H]1CCCC2=c3ccccc3=[NH+][C@H]21,C26H24FN4O2+,33,443.502,1,4,2,4,0.436,1,False,O=C(NCC1Cc2cccc(-c3ncccn3)c2O1)C1CCCC2=c3ccccc3=[NH+]C21,MK14_decoy_L021941,train,development_train
MK14_decoy_L021947,C[C@H](Cc1ccco1)NC(=O)[C@@H](C)C2CCN(CC2)C(=O)[C@@H]3C=c4cc(ccc4=[NH+]3)Cl,decoy,DUD-E,MK14,C64743984,,21947,ok,C[C@H](Cc1ccco1)NC(=O)[C@@H](C)C1CCN(C(=O)[C@@H]2C=c3cc(Cl)ccc3=[NH+]2)CC1,C24H29ClN3O3+,31,442.967,1,6,2,3,0.418,1,False,O=C(CC1CCN(C(=O)C2C=c3ccccc3=[NH+]2)CC1)NCCc1ccco1,MK14_decoy_L021947,train,development_train
MK14_decoy_L022441,c1cc(c(cc1Cl)NC(=O)C2CCN(CC2)c3cc(nc(n3)N)Cl)O,decoy,DUD-E,MK14,C52427743,,22441,ok,Nc1nc(Cl)cc(N2CCC(C(=O)Nc3cc(Cl)ccc3O)CC2)n1,C16H17Cl2N5O2,25,382.251,0,3,3,6,2.926,1,False,O=C(Nc1ccccc1)C1CCN(c2ccncn2)CC1,MK14_decoy_L022441,train,development_train
MK14_decoy_L022544,c1ccc(c(c1)CSC2=NC(=O)[C@@H]3[C@@H](C4=C(CCCC4=O)NC3=N2)c5cccc(c5)F)Cl,decoy,DUD-E,MK14,C39963207,,22544,ok,O=C1CCCC2=C1[C@@H](c1cccc(F)c1)[C@H]1C(=O)N=C(SCc3ccccc3Cl)N=C1N2,C24H19ClFN3O2S,32,467.953,0,3,1,5,5.017,1,False,O=C1CCCC2=C1C(c1ccccc1)C1C(=O)N=C(SCc3ccccc3)N=C1N2,MK14_decoy_L016677,train,development_train
MK14_decoy_L023901,CC1=C([C@@]2(c3ccccc3OC(=C2C(=O)OC(C)C)N)C(=O)N1)C(=O)OC(C)C,decoy,DUD-E,MK14,C04517117,,23901,ok,CC1=C(C(=O)OC(C)C)[C@@]2(C(=O)N1)C(C(=O)OC(C)C)=C(N)Oc1ccccc12,C21H24N2O6,29,400.431,0,4,2,7,1.794,1,False,O=C1NC=CC12C=COc1ccccc12,MK14_decoy_L023901,train,development_train
MK14_decoy_L024084,CCCn1c(c(c(=O)n(c1=O)C)C(=O)CSc2[nH]nc(n2)COc3ccccc3C)N,decoy,DUD-E,MK14,C09120408,,24084,ok,CCCn1c(N)c(C(=O)CSc2nc(COc3ccccc3C)n[nH]2)c(=O)n(C)c1=O,C20H24N6O4S,31,444.517,0,9,2,8,1.52,1,False,O=C(CSc1nc(COc2ccccc2)n[nH]1)c1c[nH]c(=O)[nH]c1=O,MK14_decoy_L024084,train,development_train
MK14_decoy_L024306,CCCCN(c1c(n(c(=O)[nH]c1=O)CCC)N)C(=O)COC(=O)c2cc(c(cc2Cl)F)F,decoy,DUD-E,MK14,C11401340,,24306,ok,CCCCN(C(=O)COC(=O)c1cc(F)c(F)cc1Cl)c1c(N)n(CCC)c(=O)[nH]c1=O,C20H23ClF2N4O5,32,472.876,0,9,2,6,2.451,1,False,O=C(COC(=O)c1ccccc1)Nc1c[nH]c(=O)[nH]c1=O,MK14_decoy_L024306,train,development_train
MK14_decoy_L024469,Cc1c(cco1)c2nnc(n2N)SCc3cc(no3)c4ccccc4,decoy,DUD-E,MK14,C29872736,,24469,ok,Cc1occc1-c1nnc(SCc2cc(-c3ccccc3)no2)n1N,C17H15N5O2S,25,353.407,0,5,1,7,3.508,1,False,c1ccc(-c2cc(CSc3nnc(-c4ccoc4)[nH]3)on2)cc1,MK14_decoy_L024469,train,development_train
MK14_decoy_L025739,COc1ccccc1[C@H](CNc2ncc(c(n2)NC3CC3)[N+](=O)[O-])[NH+]4CCCC4,decoy,DUD-E,MK14,C45724136,,25739,ok,COc1ccccc1[C@H](CNc1ncc([N+](=O)[O-])c(NC2CC2)n1)[NH+]1CCCC1,C20H27N6O3+,29,399.475,1,9,3,7,1.8,1,False,c1ccc(C(CNc2nccc(NC3CC3)n2)[NH+]2CCCC2)cc1,MK14_decoy_L025739,train,development_train
MK14_decoy_L025924,C[C@H](c1ccc(cc1Cl)Cl)NC(=O)COC(=O)CNC(=O)c2c(c3ccccc3s2)Cl,decoy,DUD-E,MK14,C21237031,,25924,ok,C[C@@H](NC(=O)COC(=O)CNC(=O)c1sc2ccccc2c1Cl)c1ccc(Cl)cc1Cl,C21H17Cl3N2O4S,31,499.803,0,7,2,5,5.012,1,False,O=C(COC(=O)CNC(=O)c1cc2ccccc2s1)NCc1ccccc1,MK14_decoy_L025924,train,development_train
MK14_decoy_L026116,C/C(=N\NC(=O)CC1(OCCO1)C)/c2ccc3c(c2)[C@H]4C=CC[C@H]4[C@H](N3)c5ccc(cc5)C(=O)OC,decoy,DUD-E,MK14,C13381927,,26116,ok,COC(=O)c1ccc([C@H]2Nc3ccc(/C(C)=N/NC(=O)CC4(C)OCCO4)cc3[C@H]3C=CC[C@H]32)cc1,C28H31N3O5,36,489.572,0,6,2,7,4.293,1,False,O=C(CC1OCCO1)NN=Cc1ccc2c(c1)C1C=CCC1C(c1ccccc1)N2,MK14_decoy_L026116,train,development_train
MK14_decoy_L026413,C[C@@H]1CCc2c(sc(n2)NC(=O)Cc3c[nH]c4c3cccc4)C1,decoy,DUD-E,MK14,C21797952,,26413,ok,C[C@@H]1CCc2nc(NC(=O)Cc3c[nH]c4ccccc34)sc2C1,C18H19N3OS,23,325.437,0,3,2,3,3.93,1,False,O=C(Cc1c[nH]c2ccccc12)Nc1nc2c(s1)CCCC2,MK14_decoy_L026413,train,development_train
MK14_decoy_L026557,CCc1cccc2c1nc(cc2C(=O)NN)c3ccc(s3)CC,decoy,DUD-E,MK14,C02569036,,26557,ok,CCc1ccc(-c2cc(C(=O)NN)c3cccc(CC)c3n2)s1,C18H19N3OS,23,325.437,0,4,2,4,3.692,1,False,c1csc(-c2ccc3ccccc3n2)c1,MK14_decoy_L008709,train,development_train
MK14_decoy_L026804,c1ccc(cc1)[C@H]2CC(=NN2c3ccc(cc3)/C=C/C(=O)c4cccc5c4cccc5)c6ccccc6,decoy,DUD-E,MK14,C08926081,,26804,ok,O=C(/C=C/c1ccc(N2N=C(c3ccccc3)C[C@@H]2c2ccccc2)cc1)c1cccc2ccccc12,C34H26N2O,37,478.595,0,6,0,3,8.092,1,False,O=C(C=Cc1ccc(N2N=C(c3ccccc3)CC2c2ccccc2)cc1)c1cccc2ccccc12,MK14_decoy_L026804,train,development_train
MK14_decoy_L027360,c1ccc(cc1)C[C@@H](C(=O)OCc2ccccc2)[NH+]3Cc4c(ccc5c4oc(=O)cc5c6ccccc6)OC3,decoy,DUD-E,MK14,C11866710,,27360,ok,O=C(OCc1ccccc1)[C@H](Cc1ccccc1)[NH+]1COc2ccc3c(-c4ccccc4)cc(=O)oc3c2C1,C33H28NO5+,39,518.589,1,7,1,5,4.55,1,False,O=C(OCc1ccccc1)C(Cc1ccccc1)[NH+]1COc2ccc3c(-c4ccccc4)cc(=O)oc3c2C1,MK14_decoy_L027360,train,development_train
MK14_decoy_L029583,CC1(CC(=C2C=C(C(=O)C(=C2O1)O)C(C)(C)C)NNc3ccc(cc3)C(F)(F)F)C,decoy,DUD-E,MK14,C04389933,,29583,ok,CC1(C)CC(NNc2ccc(C(F)(F)F)cc2)=C2C=C(C(C)(C)C)C(=O)C(O)=C2O1,C22H25F3N2O3,30,422.447,0,3,3,5,5.4,1,False,O=C1C=CC2=C(NNc3ccccc3)CCOC2=C1,MK14_decoy_L029583,train,development_train
MK14_decoy_L029808,Cc1c2c(on1)C[C@@H](CC(=N2)c3ccccc3)c4ccccc4,decoy,DUD-E,MK14,C05663374,,29808,ok,Cc1noc2c1N=C(c1ccccc1)C[C@@H](c1ccccc1)C2,C20H18N2O,23,302.377,0,2,0,3,4.834,1,False,c1ccc(C2=Nc3cnoc3CC(c3ccccc3)C2)cc1,MK14_decoy_L029808,train,development_train
MK14_decoy_L031208,c1cc(sc1)CNC(=O)C[NH+]2CCc3c(c(=O)[nH]c(n3)N4CCCCC4)C2,decoy,DUD-E,MK14,C19343727,,31208,ok,O=C(C[NH+]1CCc2nc(N3CCCCC3)[nH]c(=O)c2C1)NCc1cccs1,C19H26N5O2S+,27,388.517,1,5,3,5,0.079,1,False,O=C(C[NH+]1CCc2nc(N3CCCCC3)[nH]c(=O)c2C1)NCc1cccs1,MK14_decoy_L031208,train,development_train
MK14_decoy_L031427,c1ccc(cc1)[C@H]2c3cc(ccc3NC(=O)CN2C(=O)c4ccc(cc4)S(=O)(=O)N5CCCC5)Cl,decoy,DUD-E,MK14,C02724617,,31427,ok,O=C1CN(C(=O)c2ccc(S(=O)(=O)N3CCCC3)cc2)[C@@H](c2ccccc2)c2cc(Cl)ccc2N1,C26H24ClN3O4S,35,510.015,0,4,1,4,4.308,1,False,O=C1CN(C(=O)c2ccc(S(=O)(=O)N3CCCC3)cc2)C(c2ccccc2)c2ccccc2N1,MK14_decoy_L031427,train,development_train
MK14_decoy_L031587,c1ccc(cc1)[C@H]2C=C3C(=NC(=NC3=O)CN4CCN(CC4)S(=O)(=O)c5ccccc5F)S2,decoy,DUD-E,MK14,C39726866,,31587,ok,O=C1N=C(CN2CCN(S(=O)(=O)c3ccccc3F)CC2)N=C2S[C@@H](c3ccccc3)C=C12,C23H21FN4O3S2,33,484.578,0,5,0,6,2.884,1,False,O=C1N=C(CN2CCN(S(=O)(=O)c3ccccc3)CC2)N=C2SC(c3ccccc3)C=C12,MK14_decoy_L031587,train,development_train
MK14_decoy_L032005,CCOC(=O)c1c2csc(c2c(=O)n(n1)c3ccc(cc3)C)NC(=O)C45CC6CC(C4)CC(C6)C5,decoy,DUD-E,MK14,C09381380,,32005,ok,CCOC(=O)c1nn(-c2ccc(C)cc2)c(=O)c2c(NC(=O)C34CC5CC(CC(C5)C3)C4)scc12,C27H29N3O4S,35,491.613,0,5,1,6,5.087,1,False,O=C(Nc1scc2cnn(-c3ccccc3)c(=O)c12)C12CC3CC(CC(C3)C1)C2,MK14_decoy_L032005,train,development_train
MK14_decoy_L032058,Cc1cccc(c1)COc2ccc(cc2)[C@H]3CC(=O)Nc4c3c(=O)nc5n4ccs5,decoy,DUD-E,MK14,C04770543,,32058,ok,Cc1cccc(COc2ccc([C@H]3CC(=O)Nc4c3c(=O)nc3sccn43)cc2)c1,C23H19N3O3S,30,417.49,0,4,1,5,4.118,1,False,O=C1CC(c2ccc(OCc3ccccc3)cc2)c2c(n3ccsc3nc2=O)N1,MK14_decoy_L032058,train,development_train
MK14_decoy_L032372,CCOC(=O)c1c2c(sc1NC(=O)[C@H]3COc4ccccc4O3)C([NH2+]C(C2)(C)C)(C)C,decoy,DUD-E,MK14,C08860078,,32372,ok,CCOC(=O)c1c(NC(=O)[C@H]2COc3ccccc3O2)sc2c1CC(C)(C)[NH2+]C2(C)C,C23H29N2O5S+,31,445.561,1,4,2,6,2.837,1,False,O=C(Nc1cc2c(s1)C[NH2+]CC2)C1COc2ccccc2O1,MK14_decoy_L032372,train,development_train
MK14_decoy_L032504,c1ccc2c(c1)ccn2CCCNC(=O)C[C@@H]3C(=O)NCC[NH+]3Cc4cccc(c4F)F,decoy,DUD-E,MK14,C11667840,,32504,ok,O=C(C[C@@H]1C(=O)NCC[NH+]1Cc1cccc(F)c1F)NCCCn1ccc2ccccc21,C24H27F2N4O2+,32,441.502,1,8,3,2,1.399,1,False,O=C(CC1C(=O)NCC[NH+]1Cc1ccccc1)NCCCn1ccc2ccccc21,MK14_decoy_L032504,train,development_train
MK14_decoy_L032866,c1cc(cc(c1)[N+](=O)[O-])/C=C(\c2[nH]c3cc(ccc3n2)Cl)/NC(=O)c4ccc(cc4)N,decoy,DUD-E,MK14,C08652842,,32866,ok,Nc1ccc(C(=O)N/C(=C/c2cccc([N+](=O)[O-])c2)c2nc3ccc(Cl)cc3[nH]2)cc1,C22H16ClN5O3,31,433.855,0,5,3,5,4.635,1,False,O=C(NC(=Cc1ccccc1)c1nc2ccccc2[nH]1)c1ccccc1,MK14_decoy_L032866,train,development_train
MK14_decoy_L033297,Cc1ccc(cc1)c2[nH]c(=S)n(n2)C[NH+]3CCC(CC3)NC(=O)C4CCC4,decoy,DUD-E,MK14,C66079869,,33297,ok,Cc1ccc(-c2nn(C[NH+]3CCC(NC(=O)C4CCC4)CC3)c(=S)[nH]2)cc1,C20H28N5OS+,27,386.545,1,5,3,3,1.837,1,False,O=C(NC1CC[NH+](Cn2nc(-c3ccccc3)[nH]c2=S)CC1)C1CCC1,MK14_decoy_L033297,train,development_train
MK14_decoy_L033366,Cc1cc(c(n1c2ccc(cc2)S(=O)(=O)N)C)C(=O)COC(=O)[C@H]3Cc4cc(ccc4O3)Cl,decoy,DUD-E,MK14,C16681345,,33366,ok,Cc1cc(C(=O)COC(=O)[C@H]2Cc3cc(Cl)ccc3O2)c(C)n1-c1ccc(S(N)(=O)=O)cc1,C23H21ClN2O6S,33,488.949,0,6,1,6,3.125,1,False,O=C(COC(=O)C1Cc2ccccc2O1)c1ccn(-c2ccccc2)c1,MK14_decoy_L033366,train,development_train
MK14_decoy_L033402,c1ccc(cc1)n2c(=O)c3ccccc3n4c2nnc4SCC(=O)Nc5ccc(cc5)S(=O)(=O)N,decoy,DUD-E,MK14,C03315209,,33402,ok,NS(=O)(=O)c1ccc(NC(=O)CSc2nnc3n(-c4ccccc4)c(=O)c4ccccc4n23)cc1,C23H18N6O4S2,35,506.569,0,6,2,7,2.412,1,False,O=C(CSc1nnc2n(-c3ccccc3)c(=O)c3ccccc3n12)Nc1ccccc1,MK14_decoy_L033402,train,development_train
MK14_decoy_L033872,CC1=C2[C@H](C(=C(O[C@@H]2N=N1)N)C#N)c3ccc(c(c3)COc4cccc(c4)C(F)(F)F)OC,decoy,DUD-E,MK14,C39140859,,33872,ok,COc1ccc([C@H]2C(C#N)=C(N)O[C@@H]3N=NC(C)=C23)cc1COc1cccc(C(F)(F)F)c1,C23H19F3N4O3,33,456.424,0,5,1,7,5.167,1,False,C1=CC(c2cccc(COc3ccccc3)c2)C2=CN=NC2O1,MK14_decoy_L033872,train,development_train
MK14_decoy_L034191,CC(=O)c1ccc(cc1)NC(=O)[C@@H]2CC(=O)Nc3c2c(=O)[nH]c(n3)Nc4cc(cc(c4)Cl)Cl,decoy,DUD-E,MK14,C40399461,,34191,ok,CC(=O)c1ccc(NC(=O)[C@@H]2CC(=O)Nc3nc(Nc4cc(Cl)cc(Cl)c4)[nH]c(=O)c32)cc1,C22H17Cl2N5O4,33,486.315,0,5,4,6,4.087,1,False,O=C1CC(C(=O)Nc2ccccc2)c2c(nc(Nc3ccccc3)[nH]c2=O)N1,MK14_decoy_L034191,train,development_train
MK14_decoy_L035138,Cc1c(c(n(c(=O)c1C#N)C)NCc2ccc3c(c2)OCO3)/C=C/4\C(=O)N(C(=S)S4)CC=C,decoy,DUD-E,MK14,C39851533,,35138,ok,C=CCN1C(=O)/C(=C\c2c(C)c(C#N)c(=O)n(C)c2NCc2ccc3c(c2)OCO3)SC1=S,C23H20N4O4S2,33,480.571,0,6,1,8,3.293,1,False,O=C1NC(=S)SC1=Cc1ccc(=O)[nH]c1NCc1ccc2c(c1)OCO2,MK14_decoy_L006239,train,development_train
