conformer_id,source_type,pdb_path,chain,10___ILE__present,10___ILE__min_distance_to_reference_ligand_angstrom,10___ILE__sidechain_centroid_x,10___ILE__sidechain_centroid_y,10___ILE__sidechain_centroid_z,11___GLY__present,11___GLY__min_distance_to_reference_ligand_angstrom,11___GLY__sidechain_centroid_x,11___GLY__sidechain_centroid_y,11___GLY__sidechain_centroid_z,12___GLU__present,12___GLU__min_distance_to_reference_ligand_angstrom,12___GLU__sidechain_centroid_x,12___GLU__sidechain_centroid_y,12___GLU__sidechain_centroid_z,13___GLY__present,13___GLY__min_distance_to_reference_ligand_angstrom,13___GLY__sidechain_centroid_x,13___GLY__sidechain_centroid_y,13___GLY__sidechain_centroid_z,18___VAL__present,18___VAL__min_distance_to_reference_ligand_angstrom,18___VAL__sidechain_centroid_x,18___VAL__sidechain_centroid_y,18___VAL__sidechain_centroid_z,31___ALA__present,31___ALA__min_distance_to_reference_ligand_angstrom,31___ALA__sidechain_centroid_x,31___ALA__sidechain_centroid_y,31___ALA__sidechain_centroid_z,33___LYS__present,33___LYS__min_distance_to_reference_ligand_angstrom,33___LYS__sidechain_centroid_x,33___LYS__sidechain_centroid_y,33___LYS__sidechain_centroid_z,64___VAL__present,64___VAL__min_distance_to_reference_ligand_angstrom,64___VAL__sidechain_centroid_x,64___VAL__sidechain_centroid_y,64___VAL__sidechain_centroid_z,80___PHE__present,80___PHE__min_distance_to_reference_ligand_angstrom,80___PHE__sidechain_centroid_x,80___PHE__sidechain_centroid_y,80___PHE__sidechain_centroid_z,81___GLU__present,81___GLU__min_distance_to_reference_ligand_angstrom,81___GLU__sidechain_centroid_x,81___GLU__sidechain_centroid_y,81___GLU__sidechain_centroid_z,82___PHE__present,82___PHE__min_distance_to_reference_ligand_angstrom,82___PHE__sidechain_centroid_x,82___PHE__sidechain_centroid_y,82___PHE__sidechain_centroid_z,83___LEU__present,83___LEU__min_distance_to_reference_ligand_angstrom,83___LEU__sidechain_centroid_x,83___LEU__sidechain_centroid_y,83___LEU__sidechain_centroid_z,84___HIS__present,84___HIS__min_distance_to_reference_ligand_angstrom,84___HIS__sidechain_centroid_x,84___HIS__sidechain_centroid_y,84___HIS__sidechain_centroid_z,85___GLN__present,85___GLN__min_distance_to_reference_ligand_angstrom,85___GLN__sidechain_centroid_x,85___GLN__sidechain_centroid_y,85___GLN__sidechain_centroid_z,86___ASP__present,86___ASP__min_distance_to_reference_ligand_angstrom,86___ASP__sidechain_centroid_x,86___ASP__sidechain_centroid_y,86___ASP__sidechain_centroid_z,131___GLN__present,131___GLN__min_distance_to_reference_ligand_angstrom,131___GLN__sidechain_centroid_x,131___GLN__sidechain_centroid_y,131___GLN__sidechain_centroid_z,132___ASN__present,132___ASN__min_distance_to_reference_ligand_angstrom,132___ASN__sidechain_centroid_x,132___ASN__sidechain_centroid_y,132___ASN__sidechain_centroid_z,133___LEU__present,133___LEU__min_distance_to_reference_ligand_angstrom,133___LEU__sidechain_centroid_x,133___LEU__sidechain_centroid_y,133___LEU__sidechain_centroid_z,134___LEU__present,134___LEU__min_distance_to_reference_ligand_angstrom,134___LEU__sidechain_centroid_x,134___LEU__sidechain_centroid_y,134___LEU__sidechain_centroid_z,144___ALA__present,144___ALA__min_distance_to_reference_ligand_angstrom,144___ALA__sidechain_centroid_x,144___ALA__sidechain_centroid_y,144___ALA__sidechain_centroid_z,145___ASP__present,145___ASP__min_distance_to_reference_ligand_angstrom,145___ASP__sidechain_centroid_x,145___ASP__sidechain_centroid_y,145___ASP__sidechain_centroid_z
CDK2_1AQ1_reference,crystal,receptors/raw/1AQ1.pdb,A,True,3.7083,0.974,25.1185,3.4145,True,3.521,-1.74,21.7555,6.6588,True,5.9596,-3.1684,17.2926,8.3334,True,3.4468,-5.4345,22.2425,11.6043,True,3.7837,-3.5427,26.0207,6.5253,True,3.2237,-1.403,30.583,4.255,True,3.4277,-7.4918,27.526,9.35,True,3.8987,0.2933,34.546,10.5263,True,3.7285,-4.6866,33.2047,8.4201,True,5.4073,1.6512,37.556,6.6844,True,3.5391,3.3981,30.5143,1.5429,True,3.9035,5.0245,33.894,7.7855,True,6.2356,11.2813,29.3395,4.5898,True,4.6296,10.879,26.2916,8.318,True,2.8207,5.8495,24.4733,12.0625,True,4.0592,3.689,21.9526,17.4532,True,4.3647,-0.03,27.512,17.6045,True,7.2612,5.2455,30.5252,17.909,True,3.528,3.426,30.3418,10.5297,True,4.064,0.024,31.173,13.184,True,3.5035,-4.4078,27.468,14.9675
CDK2_1H00_aligned,crystal,receptors/aligned/1H00_A_to_1AQ1_A.pdb,A,True,2.0422,0.5042,25.3585,5.0645,True,3.6581,-1.9495,21.1867,7.685,True,5.8402,-4.304,19.051,10.638,False,,,,,True,3.4745,-3.7403,25.7033,7.323,True,2.871,-1.647,30.254,5.102,True,3.4385,-7.4734,27.653,10.273,True,4.1483,0.4567,34.7857,10.6323,True,3.5015,-4.8884,33.2581,9.1093,True,5.3798,1.8398,37.5986,6.909,True,2.9584,3.2069,30.3591,2.5099,True,4.025,5.126,33.8942,8.0032,True,5.0979,8.2407,30.7782,2.02,True,5.9325,11.4978,26.4826,8.3362,True,3.6315,6.3042,24.983,11.8758,True,3.2103,3.2696,22.286,16.7998,True,4.0886,0.463,28.1553,17.354,True,7.6819,5.4985,30.5195,18.1103,True,3.8593,3.8085,30.6247,10.9705,True,4.35,0.082,31.508,13.109,True,2.0966,-4.2389,28.6271,14.3023
CDK2_1HCL_aligned,crystal,receptors/aligned/1HCL_A_to_1AQ1_A.pdb,A,True,2.9017,1.001,24.8562,4.0648,True,4.721,-1.9452,20.7108,6.6723,True,7.1264,-4.392,16.6468,7.7446,True,3.9208,-5.1395,21.0403,11.7922,True,3.402,-3.4293,25.1917,6.99,True,2.9087,-1.831,30.534,5.074,True,1.2537,-5.0656,28.3192,8.8422,True,4.0597,0.4043,34.6883,10.6947,True,3.6426,-4.9534,33.4111,9.286,True,5.3263,1.4334,37.6484,6.9346,True,3.0718,3.0534,30.4824,2.2991,True,3.9182,5.1303,33.9763,7.8935,True,4.9659,8.1955,30.5133,1.9543,True,5.8216,11.5378,26.5498,8.5948,True,3.6293,6.335,25.0897,11.8372,True,2.4439,3.3582,21.9668,16.0513,True,3.9456,0.3522,28.129,17.1797,True,7.6728,5.595,30.525,18.013,True,3.7006,3.8035,30.7073,10.785,True,4.1832,0.125,31.346,13.085,True,1.8659,-3.8835,29.3413,13.7985
CDK2_1JVP_aligned,crystal,receptors/aligned/1JVP_P_to_1AQ1_A.pdb,P,True,3.0697,0.8668,25.446,4.6517,True,3.0499,-1.6515,21.6283,7.814,True,5.6528,-5.588,17.835,9.6282,True,4.7078,-6.3012,21.2383,12.93,True,2.8996,-3.4793,26.1433,7.6013,True,2.613,-1.513,30.523,5.199,True,3.4636,-7.4562,27.7588,10.1186,True,4.2071,0.3923,34.8087,10.635,True,3.5888,-4.8821,33.4741,9.0664,True,5.3078,1.749,37.6482,6.8877,True,2.8835,3.4167,30.2988,2.4851,True,4.1176,5.2734,34.0436,8.1003,True,5.4161,8.5569,30.9342,1.8897,True,6.0907,11.376,26.5842,8.521,True,3.3679,6.266,25.0743,11.8092,True,2.7882,2.4868,21.8732,15.2046,True,3.6104,0.055,27.9868,16.9556,True,7.699,5.5142,30.617,18.1382,True,3.9635,3.8268,30.6805,10.9775,True,4.526,0.175,31.707,13.101,True,2.2023,-4.2244,28.7855,13.9019
CDK2_1Y8Y_aligned,crystal,receptors/aligned/1Y8Y_A_to_1AQ1_A.pdb,A,True,3.6641,0.8455,25.0227,4.1098,True,3.6594,-1.883,21.235,7.3025,True,6.6397,-3.4818,16.6362,8.8282,True,3.5953,-5.2043,21.8242,12.0543,True,3.054,-3.3833,25.3883,7.3347,True,2.7109,-1.569,30.378,5.193,True,1.069,-5.0908,28.5012,9.0898,True,4.0746,0.4813,34.7147,10.5783,True,3.5932,-4.6884,33.4441,9.1587,True,5.5062,2.0534,37.6516,6.9784,True,2.9855,3.0137,30.312,2.5607,True,4.0217,5.0672,33.8307,8.0798,True,4.9551,8.0473,30.8095,2.1705,True,5.9696,11.7134,26.7384,8.2154,True,3.501,6.458,24.8018,12.0663,True,2.5012,2.738,21.6136,14.7774,True,4.0487,0.474,28.2285,17.25,True,7.6862,5.5358,30.252,18.2185,True,3.7299,4.0287,30.163,10.8045,True,3.9634,-0.051,31.066,13.138,True,2.0072,-3.9843,29.3953,13.9472
CDK2_2C68_aligned,crystal,receptors/aligned/2C68_A_to_1AQ1_A.pdb,A,True,2.1242,0.7987,24.7905,5.188,True,4.3849,-2.0103,20.6502,7.0178,True,6.934,-5.0114,16.6782,8.1248,True,3.7525,-5.3758,21.6718,11.988,True,2.8674,-3.1813,25.178,7.5537,True,2.742,-1.662,30.43,5.212,True,1.2194,-4.8282,28.489,9.1752,True,4.2756,0.473,34.9143,10.654,True,3.6836,-4.8159,33.4581,9.2736,True,5.6698,1.971,37.866,6.9396,True,2.7831,3.1896,30.4189,2.7034,True,4.0877,5.275,34.0178,8.0572,True,5.0456,8.1588,30.875,2.1115,True,6.0519,10.846,26.374,8.7836,True,3.6464,6.2545,25.0407,11.8965,True,1.505,1.49,22.5174,14.3302,True,3.8716,0.2888,28.2547,17.1058,True,7.8375,5.461,30.6052,18.2593,True,3.7397,3.8095,30.6118,11.0428,True,4.0966,-0.024,31.257,12.988,True,2.0203,-3.9135,29.4545,13.9405
CDK2_2C69_aligned,crystal,receptors/aligned/2C69_A_to_1AQ1_A.pdb,A,True,2.5798,0.878,24.61,4.7648,True,4.7095,-1.752,20.5793,6.8818,True,6.7155,-4.0808,16.28,8.8542,True,3.6996,-5.1892,21.6355,12.0875,True,2.6929,-3.0783,25.0133,7.4583,True,2.768,-1.71,30.377,5.26,True,1.1624,-4.8564,28.4768,8.9798,True,4.1612,0.5423,34.7323,10.7827,True,3.4617,-4.67,33.3543,9.1919,True,5.5316,1.9924,37.7838,6.9296,True,2.8757,3.1796,30.3941,2.5893,True,3.9922,5.1275,33.9342,8.1337,True,5.0617,8.1562,30.8832,2.1902,True,6.0301,11.449,26.3018,8.5376,True,3.4738,6.3405,24.886,12.0362,True,1.2528,1.4816,22.5144,14.0998,True,4.1699,-0.2157,27.951,16.9797,True,7.7343,5.4465,30.5652,18.1475,True,3.6119,3.7488,30.3663,11.0828,True,4.0285,-0.157,31.096,13.189,True,2.0413,-3.9825,29.3368,13.9533
CDK2_3RKB_aligned,crystal,receptors/aligned/3RKB_A_to_1AQ1_A.pdb,A,True,2.2806,0.1578,25.769,4.9935,True,3.4205,-2.3197,21.6245,7.6232,True,6.6825,-3.2296,17.7468,7.6396,True,5.0209,-6.365,20.51,12.2632,True,3.2146,-3.5937,25.9073,7.4223,True,2.6892,-1.599,30.511,5.178,True,3.3823,-7.4022,27.3554,9.8514,True,4.3538,0.5037,34.9923,10.6943,True,3.6171,-4.7931,33.445,9.151,True,5.6202,1.5712,37.9204,7.0274,True,2.9733,3.2186,30.395,2.5844,True,4.2007,5.2935,34.1785,7.9607,True,5.3109,8.2797,30.827,2.0415,True,5.1577,10.8459,26.355,8.6511,True,3.4424,6.1593,25.2253,11.9662,True,2.7001,2.61,22.0318,15.758,True,3.8652,-0.2472,27.3703,16.6322,True,7.6764,5.3782,30.7302,18.0405,True,3.7985,3.7023,30.8693,10.9845,True,4.6245,0.167,31.829,13.02,True,3.2526,-4.001,27.9578,14.7845
CDK2_AF_P24941_F1_v6,alphafold,receptors/aligned/AF-P24941-F1-model_v6_to_1AQ1_A.pdb,A,True,3.6829,0.5993,24.6958,3.7045,True,3.7864,-2.167,21.3755,6.912,True,6.5419,-6.306,17.5566,8.5188,True,5.0112,-6.2265,20.8405,12.5307,True,3.4254,-3.4753,25.67,6.9153,True,3.1352,-1.664,30.264,4.709,True,2.2487,-6.803,27.538,9.9694,True,4.0128,0.2667,34.6547,10.703,True,3.5715,-4.9697,33.2291,8.8089,True,5.2429,1.551,37.5236,7.0038,True,3.3609,3.3229,30.0551,2.2431,True,3.5804,4.545,33.477,8.1828,True,5.1395,8.6823,31.3047,2.9613,True,5.7444,11.3436,26.1522,8.8222,True,3.6205,6.0293,24.5328,11.9005,True,3.231,3.4776,22.1098,16.7424,True,4.1879,-0.623,27.089,16.7492,True,7.5404,5.366,30.396,18.197,True,3.2871,3.3302,30.1263,10.9185,True,4.1864,0.119,31.331,13.144,True,1.5714,-3.7648,28.4898,13.7327
